Number,Name,Type,Type1,Type2,Total,HP,Atk,Def,SpAk,SpDf,Spd,Generation,Legendary,MegaEvolution,FinalEvolution
1,Bulbasaur,Grass Poison,Grass,Poison,318,45,49,49,65,65,45,1,FALSE,FALSE,FALSE
2,Ivysaur,Grass Poison,Grass,Poison,405,60,62,63,80,80,60,1,FALSE,FALSE,FALSE
3,Venusaur,Grass Poison,Grass,Poison,525,80,82,83,100,100,80,1,FALSE,FALSE,TRUE
3,Mega Venusaur,Grass Poison,Grass,Poison,625,80,100,123,122,120,80,1,FALSE,TRUE,TRUE
4,Charmander,Fire,Fire,#N/A,309,39,52,43,60,50,65,1,FALSE,FALSE,FALSE
5,Charmeleon,Fire,Fire,#N/A,405,58,64,58,80,65,80,1,FALSE,FALSE,FALSE
6,Charizard,Fire Flying,Fire,Flying,534,78,84,78,109,85,100,1,FALSE,FALSE,TRUE
6,Mega Charizard X,Fire Dragon,Fire,Dragon,634,78,130,111,130,85,100,1,FALSE,TRUE,TRUE
6,Mega Charizard Y,Fire Flying,Fire,Flying,634,78,104,78,159,115,100,1,FALSE,TRUE,TRUE
7,Squirtle,Water,Water,#N/A,314,44,48,65,50,64,43,1,FALSE,FALSE,FALSE
8,Wartortle,Water,Water,#N/A,405,59,63,80,65,80,58,1,FALSE,FALSE,FALSE
9,Blastoise,Water,Water,#N/A,530,79,83,100,85,105,78,1,FALSE,FALSE,TRUE
9,Mega Blastoise,Water,Water,#N/A,630,79,103,120,135,115,78,1,FALSE,TRUE,TRUE
10,Caterpie,Bug,Bug,#N/A,195,45,30,35,20,20,45,1,FALSE,FALSE,FALSE
11,Metapod,Bug,Bug,#N/A,205,50,20,55,25,25,30,1,FALSE,FALSE,FALSE
12,Butterfree,Bug Flying,Bug,Flying,395,60,45,50,90,80,70,1,FALSE,FALSE,TRUE
13,Weedle,Bug Poison,Bug,Poison,195,40,35,30,20,20,50,1,FALSE,FALSE,FALSE
14,Kakuna,Bug Poison,Bug,Poison,205,45,25,50,25,25,35,1,FALSE,FALSE,FALSE
15,Beedrill,Bug Poison,Bug,Poison,395,65,90,40,45,80,75,1,FALSE,FALSE,TRUE
15,Mega Beedrill,Bug Poison,Bug,Poison,495,65,150,40,15,80,145,1,FALSE,TRUE,TRUE
16,Pidgey,Normal Flying,Normal,Flying,251,40,45,40,35,35,56,1,FALSE,FALSE,FALSE
17,Pidgeotto,Normal Flying,Normal,Flying,349,63,60,55,50,50,71,1,FALSE,FALSE,FALSE
18,Pidgeot,Normal Flying,Normal,Flying,479,83,80,75,70,70,101,1,FALSE,FALSE,TRUE
18,Mega Pidgeot,Normal Flying,Normal,Flying,579,83,80,80,135,80,121,1,FALSE,TRUE,TRUE
19,Rattata,Normal,Normal,#N/A,253,30,56,35,25,35,72,1,FALSE,FALSE,FALSE
20,Raticate,Normal,Normal,#N/A,413,55,81,60,50,70,97,1,FALSE,FALSE,TRUE
21,Spearow,Normal Flying,Normal,Flying,262,40,60,30,31,31,70,1,FALSE,FALSE,FALSE
22,Fearow,Normal Flying,Normal,Flying,442,65,90,65,61,61,100,1,FALSE,FALSE,TRUE
23,Ekans,Poison,Poison,#N/A,288,35,60,44,40,54,55,1,FALSE,FALSE,FALSE
24,Arbok,Poison,Poison,#N/A,438,60,85,69,65,79,80,1,FALSE,FALSE,TRUE
25,Pikachu,Electric,Electric,#N/A,320,35,55,40,50,50,90,1,FALSE,FALSE,FALSE
26,Raichu,Electric,Electric,#N/A,485,60,90,55,90,80,110,1,FALSE,FALSE,TRUE
27,Sandshrew,Ground,Ground,#N/A,300,50,75,85,20,30,40,1,FALSE,FALSE,FALSE
28,Sandslash,Ground,Ground,#N/A,450,75,100,110,45,55,65,1,FALSE,FALSE,TRUE
29,Nidoran Male,Poison,Poison,#N/A,275,55,47,52,40,40,41,1,FALSE,FALSE,FALSE
30,Nidorina,Poison,Poison,#N/A,365,70,62,67,55,55,56,1,FALSE,FALSE,FALSE
31,Nidoqueen,Poison Ground,Poison,Ground,505,90,92,87,75,85,76,1,FALSE,FALSE,TRUE
32,Nidoran Female,Poison,Poison,#N/A,273,46,57,40,40,40,50,1,FALSE,FALSE,FALSE
33,Nidorino,Poison,Poison,#N/A,365,61,72,57,55,55,65,1,FALSE,FALSE,FALSE
34,Nidoking,Poison Ground,Poison,Ground,505,81,102,77,85,75,85,1,FALSE,FALSE,TRUE
35,Clefairy,Fairy,Fairy,#N/A,323,70,45,48,60,65,35,1,FALSE,FALSE,FALSE
36,Clefable,Fairy,Fairy,#N/A,483,95,70,73,95,90,60,1,FALSE,FALSE,TRUE
37,Vulpix,Fire,Fire,#N/A,299,38,41,40,50,65,65,1,FALSE,FALSE,FALSE
38,Ninetales,Fire,Fire,#N/A,505,73,76,75,81,100,100,1,FALSE,FALSE,TRUE
39,Jigglypuff,Normal Fairy,Normal,Fairy,270,115,45,20,45,25,20,1,FALSE,FALSE,FALSE
40,Wigglytuff,Normal Fairy,Normal,Fairy,435,140,70,45,85,50,45,1,FALSE,FALSE,TRUE
41,Zubat,Poison Flying,Poison,Flying,245,40,45,35,30,40,55,1,FALSE,FALSE,FALSE
42,Golbat,Poison Flying,Poison,Flying,455,75,80,70,65,75,90,1,FALSE,FALSE,FALSE
43,Oddish,Grass Poison,Grass,Poison,320,45,50,55,75,65,30,1,FALSE,FALSE,FALSE
44,Gloom,Grass Poison,Grass,Poison,395,60,65,70,85,75,40,1,FALSE,FALSE,FALSE
45,Vileplume,Grass Poison,Grass,Poison,490,75,80,85,110,90,50,1,FALSE,FALSE,TRUE
46,Paras,Bug Grass,Bug,Grass,285,35,70,55,45,55,25,1,FALSE,FALSE,FALSE
47,Parasect,Bug Grass,Bug,Grass,405,60,95,80,60,80,30,1,FALSE,FALSE,TRUE
48,Venonat,Bug Poison,Bug,Poison,305,60,55,50,40,55,45,1,FALSE,FALSE,FALSE
49,Venomoth,Bug Poison,Bug,Poison,450,70,65,60,90,75,90,1,FALSE,FALSE,TRUE
50,Diglett,Ground,Ground,#N/A,265,10,55,25,35,45,95,1,FALSE,FALSE,FALSE
51,Dugtrio,Ground,Ground,#N/A,405,35,80,50,50,70,120,1,FALSE,FALSE,TRUE
52,Meowth,Normal,Normal,#N/A,290,40,45,35,40,40,90,1,FALSE,FALSE,FALSE
53,Persian,Normal,Normal,#N/A,440,65,70,60,65,65,115,1,FALSE,FALSE,TRUE
54,Psyduck,Water,Water,#N/A,320,50,52,48,65,50,55,1,FALSE,FALSE,FALSE
55,Golduck,Water,Water,#N/A,500,80,82,78,95,80,85,1,FALSE,FALSE,TRUE
56,Mankey,Fighting,Fighting,#N/A,305,40,80,35,35,45,70,1,FALSE,FALSE,FALSE
57,Primeape,Fighting,Fighting,#N/A,455,65,105,60,60,70,95,1,FALSE,FALSE,TRUE
58,Growlithe,Fire,Fire,#N/A,350,55,70,45,70,50,60,1,FALSE,FALSE,FALSE
59,Arcanine,Fire,Fire,#N/A,555,90,110,80,100,80,95,1,FALSE,FALSE,TRUE
60,Poliwag,Water,Water,#N/A,300,40,50,40,40,40,90,1,FALSE,FALSE,FALSE
61,Poliwhirl,Water,Water,#N/A,385,65,65,65,50,50,90,1,FALSE,FALSE,FALSE
62,Poliwrath,Water Fighting,Water,Fighting,510,90,95,95,70,90,70,1,FALSE,FALSE,TRUE
63,Abra,Psychic,Psychic,#N/A,310,25,20,15,105,55,90,1,FALSE,FALSE,FALSE
64,Kadabra,Psychic,Psychic,#N/A,400,40,35,30,120,70,105,1,FALSE,FALSE,FALSE
65,Alakazam,Psychic,Psychic,#N/A,500,55,50,45,135,95,120,1,FALSE,FALSE,TRUE
65,Mega Alakazam,Psychic,Psychic,#N/A,590,55,50,65,175,95,150,1,FALSE,TRUE,TRUE
66,Machop,Fighting,Fighting,#N/A,305,70,80,50,35,35,35,1,FALSE,FALSE,FALSE
67,Machoke,Fighting,Fighting,#N/A,405,80,100,70,50,60,45,1,FALSE,FALSE,FALSE
68,Machamp,Fighting,Fighting,#N/A,505,90,130,80,65,85,55,1,FALSE,FALSE,TRUE
69,Bellsprout,Grass Poison,Grass,Poison,300,50,75,35,70,30,40,1,FALSE,FALSE,FALSE
70,Weepinbell,Grass Poison,Grass,Poison,390,65,90,50,85,45,55,1,FALSE,FALSE,FALSE
71,Victreebel,Grass Poison,Grass,Poison,490,80,105,65,100,70,70,1,FALSE,FALSE,TRUE
72,Tentacool,Water Poison,Water,Poison,335,40,40,35,50,100,70,1,FALSE,FALSE,FALSE
73,Tentacruel,Water Poison,Water,Poison,515,80,70,65,80,120,100,1,FALSE,FALSE,TRUE
74,Geodude,Rock Ground,Rock,Ground,300,40,80,100,30,30,20,1,FALSE,FALSE,FALSE
75,Graveler,Rock Ground,Rock,Ground,390,55,95,115,45,45,35,1,FALSE,FALSE,FALSE
76,Golem,Rock Ground,Rock,Ground,495,80,120,130,55,65,45,1,FALSE,FALSE,TRUE
77,Ponyta,Fire,Fire,#N/A,410,50,85,55,65,65,90,1,FALSE,FALSE,FALSE
78,Rapidash,Fire,Fire,#N/A,500,65,100,70,80,80,105,1,FALSE,FALSE,TRUE
79,Slowpoke,Water Psychic,Water,Psychic,315,90,65,65,40,40,15,1,FALSE,FALSE,FALSE
80,Slowbro,Water Psychic,Water,Psychic,490,95,75,110,100,80,30,1,FALSE,FALSE,TRUE
80,Mega Slowbro,Water Psychic,Water,Psychic,590,95,75,180,130,80,30,1,FALSE,TRUE,TRUE
81,Magnemite,Electric Steel,Electric,Steel,325,25,35,70,95,55,45,1,FALSE,FALSE,FALSE
82,Magneton,Electric Steel,Electric,Steel,465,50,60,95,120,70,70,1,FALSE,FALSE,FALSE
83,Farfetch'd,Normal Flying,Normal,Flying,352,52,65,55,58,62,60,1,FALSE,FALSE,TRUE
84,Doduo,Normal Flying,Normal,Flying,310,35,85,45,35,35,75,1,FALSE,FALSE,FALSE
85,Dodrio,Normal Flying,Normal,Flying,460,60,110,70,60,60,100,1,FALSE,FALSE,TRUE
86,Seel,Water,Water,#N/A,325,65,45,55,45,70,45,1,FALSE,FALSE,FALSE
87,Dewgong,Water Ice,Water,Ice,475,90,70,80,70,95,70,1,FALSE,FALSE,TRUE
88,Grimer,Poison,Poison,#N/A,325,80,80,50,40,50,25,1,FALSE,FALSE,FALSE
89,Muk,Poison,Poison,#N/A,500,105,105,75,65,100,50,1,FALSE,FALSE,TRUE
90,Shellder,Water,Water,#N/A,305,30,65,100,45,25,40,1,FALSE,FALSE,FALSE
91,Cloyster,Water Ice,Water,Ice,525,50,95,180,85,45,70,1,FALSE,FALSE,TRUE
92,Gastly,Ghost Poison,Ghost,Poison,310,30,35,30,100,35,80,1,FALSE,FALSE,FALSE
93,Haunter,Ghost Poison,Ghost,Poison,405,45,50,45,115,55,95,1,FALSE,FALSE,FALSE
94,Gengar,Ghost Poison,Ghost,Poison,500,60,65,60,130,75,110,1,FALSE,FALSE,TRUE
94,Mega Gengar,Ghost Poison,Ghost,Poison,600,60,65,80,170,95,130,1,FALSE,TRUE,TRUE
95,Onix,Rock Ground,Rock,Ground,385,35,45,160,30,45,70,1,FALSE,FALSE,FALSE
96,Drowzee,Psychic,Psychic,#N/A,328,60,48,45,43,90,42,1,FALSE,FALSE,FALSE
97,Hypno,Psychic,Psychic,#N/A,483,85,73,70,73,115,67,1,FALSE,FALSE,TRUE
98,Krabby,Water,Water,#N/A,325,30,105,90,25,25,50,1,FALSE,FALSE,FALSE
99,Kingler,Water,Water,#N/A,475,55,130,115,50,50,75,1,FALSE,FALSE,TRUE
100,Voltorb,Electric,Electric,#N/A,330,40,30,50,55,55,100,1,FALSE,FALSE,FALSE
101,Electrode,Electric,Electric,#N/A,480,60,50,70,80,80,140,1,FALSE,FALSE,TRUE
102,Exeggcute,Grass Psychic,Grass,Psychic,325,60,40,80,60,45,40,1,FALSE,FALSE,FALSE
103,Exeggutor,Grass Psychic,Grass,Psychic,520,95,95,85,125,65,55,1,FALSE,FALSE,TRUE
104,Cubone,Ground,Ground,#N/A,320,50,50,95,40,50,35,1,FALSE,FALSE,FALSE
105,Marowak,Ground,Ground,#N/A,425,60,80,110,50,80,45,1,FALSE,FALSE,TRUE
106,Hitmonlee,Fighting,Fighting,#N/A,455,50,120,53,35,110,87,1,FALSE,FALSE,TRUE
107,Hitmonchan,Fighting,Fighting,#N/A,455,50,105,79,35,110,76,1,FALSE,FALSE,TRUE
108,Lickitung,Normal,Normal,#N/A,385,90,55,75,60,75,30,1,FALSE,FALSE,TRUE
109,Koffing,Poison,Poison,#N/A,340,40,65,95,60,45,35,1,FALSE,FALSE,FALSE
110,Weezing,Poison,Poison,#N/A,490,65,90,120,85,70,60,1,FALSE,FALSE,TRUE
111,Rhyhorn,Ground Rock,Ground,Rock,345,80,85,95,30,30,25,1,FALSE,FALSE,FALSE
112,Rhydon,Ground Rock,Ground,Rock,485,105,130,120,45,45,40,1,FALSE,FALSE,FALSE
113,Chansey,Normal,Normal,#N/A,450,250,5,5,35,105,50,1,FALSE,FALSE,FALSE
114,Tangela,Grass,Grass,#N/A,435,65,55,115,100,40,60,1,FALSE,FALSE,FALSE
115,Kangaskhan,Normal,Normal,#N/A,490,105,95,80,40,80,90,1,FALSE,FALSE,TRUE
115,Mega Kangaskhan,Normal,Normal,#N/A,590,105,125,100,60,100,100,1,FALSE,TRUE,TRUE
116,Horsea,Water,Water,#N/A,295,30,40,70,70,25,60,1,FALSE,FALSE,FALSE
117,Seadra,Water,Water,#N/A,440,55,65,95,95,45,85,1,FALSE,FALSE,TRUE
118,Goldeen,Water,Water,#N/A,320,45,67,60,35,50,63,1,FALSE,FALSE,FALSE
119,Seaking,Water,Water,#N/A,450,80,92,65,65,80,68,1,FALSE,FALSE,TRUE
120,Staryu,Water,Water,#N/A,340,30,45,55,70,55,85,1,FALSE,FALSE,FALSE
121,Starmie,Water Psychic,Water,Psychic,520,60,75,85,100,85,115,1,FALSE,FALSE,TRUE
122,Mr. Mime,Psychic Fairy,Psychic,Fairy,460,40,45,65,100,120,90,1,FALSE,FALSE,FALSE
123,Scyther,Bug Flying,Bug,Flying,500,70,110,80,55,80,105,1,FALSE,FALSE,FALSE
124,Jynx,Ice Psychic,Ice,Psychic,455,65,50,35,115,95,95,1,FALSE,FALSE,TRUE
125,Electabuzz,Electric,Electric,#N/A,490,65,83,57,95,85,105,1,FALSE,FALSE,FALSE
126,Magmar,Fire,Fire,#N/A,495,65,95,57,100,85,93,1,FALSE,FALSE,FALSE
127,Pinsir,Bug,Bug,#N/A,500,65,125,100,55,70,85,1,FALSE,FALSE,TRUE
127,Mega Pinsir,Bug Flying,Bug,Flying,600,65,155,120,65,90,105,1,FALSE,TRUE,TRUE
128,Tauros,Normal,Normal,#N/A,490,75,100,95,40,70,110,1,FALSE,FALSE,TRUE
129,Magikarp,Water,Water,#N/A,200,20,10,55,15,20,80,1,FALSE,FALSE,FALSE
130,Gyarados,Water Flying,Water,Flying,540,95,125,79,60,100,81,1,FALSE,FALSE,TRUE
130,Mega Gyarados,Water Dark,Water,Dark,640,95,155,109,70,130,81,1,FALSE,TRUE,TRUE
131,Lapras,Water Ice,Water,Ice,535,130,85,80,85,95,60,1,FALSE,FALSE,TRUE
132,Ditto,Normal,Normal,#N/A,288,48,48,48,48,48,48,1,FALSE,FALSE,TRUE
133,Eevee,Normal,Normal,#N/A,325,55,55,50,45,65,55,1,FALSE,FALSE,FALSE
134,Vaporeon,Water,Water,#N/A,525,130,65,60,110,95,65,1,FALSE,FALSE,TRUE
135,Jolteon,Electric,Electric,#N/A,525,65,65,60,110,95,130,1,FALSE,FALSE,TRUE
136,Flareon,Fire,Fire,#N/A,525,65,130,60,95,110,65,1,FALSE,FALSE,TRUE
137,Porygon,Normal,Normal,#N/A,395,65,60,70,85,75,40,1,FALSE,FALSE,FALSE
138,Omanyte,Rock Water,Rock,Water,355,35,40,100,90,55,35,1,FALSE,FALSE,FALSE
139,Omastar,Rock Water,Rock,Water,495,70,60,125,115,70,55,1,FALSE,FALSE,TRUE
140,Kabuto,Rock Water,Rock,Water,355,30,80,90,55,45,55,1,FALSE,FALSE,FALSE
141,Kabutops,Rock Water,Rock,Water,495,60,115,105,65,70,80,1,FALSE,FALSE,TRUE
142,Aerodactyl,Rock Flying,Rock,Flying,515,80,105,65,60,75,130,1,FALSE,FALSE,TRUE
142,Mega Aerodactyl,Rock Flying,Rock,Flying,615,80,135,85,70,95,150,1,FALSE,TRUE,TRUE
143,Snorlax,Normal,Normal,#N/A,540,160,110,65,65,110,30,1,FALSE,FALSE,TRUE
144,Articuno,Ice Flying,Ice,Flying,580,90,85,100,95,125,85,1,TRUE,FALSE,TRUE
145,Zapdos,Electric Flying,Electric,Flying,580,90,90,85,125,90,100,1,TRUE,FALSE,TRUE
146,Moltres,Fire Flying,Fire,Flying,580,90,100,90,125,85,90,1,TRUE,FALSE,TRUE
147,Dratini,Dragon,Dragon,#N/A,300,41,64,45,50,50,50,1,FALSE,FALSE,FALSE
148,Dragonair,Dragon,Dragon,#N/A,420,61,84,65,70,70,70,1,FALSE,FALSE,FALSE
149,Dragonite,Dragon Flying,Dragon,Flying,600,91,134,95,100,100,80,1,FALSE,FALSE,TRUE
150,Mewtwo,Psychic,Psychic,#N/A,680,106,110,90,154,90,130,1,TRUE,FALSE,TRUE
150,Mega Metwo X,Psychic Fighting,Psychic,Fighting,780,106,190,100,154,100,130,1,TRUE,TRUE,TRUE
150,Mega Metwo Y,Psychic,Psychic,#N/A,780,106,150,70,194,120,140,1,TRUE,TRUE,TRUE
151,Mew,Psychic,Psychic,#N/A,600,100,100,100,100,100,100,1,FALSE,FALSE,TRUE
152,Chikorita,Grass,Grass,#N/A,318,45,49,65,49,65,45,2,FALSE,FALSE,FALSE
153,Bayleef,Grass,Grass,#N/A,405,60,62,80,63,80,60,2,FALSE,FALSE,FALSE
154,Meganium,Grass,Grass,#N/A,525,80,82,100,83,100,80,2,FALSE,FALSE,TRUE
155,Cyndaquil,Fire,Fire,#N/A,309,39,52,43,60,50,65,2,FALSE,FALSE,FALSE
156,Quilava,Fire,Fire,#N/A,405,58,64,58,80,65,80,2,FALSE,FALSE,FALSE
157,Typhlosion,Fire,Fire,#N/A,534,78,84,78,109,85,100,2,FALSE,FALSE,TRUE
158,Totodile,Water,Water,#N/A,314,50,65,64,44,48,43,2,FALSE,FALSE,FALSE
159,Croconaw,Water,Water,#N/A,405,65,80,80,59,63,58,2,FALSE,FALSE,FALSE
160,Feraligatr,Water,Water,#N/A,530,85,105,100,79,83,78,2,FALSE,FALSE,TRUE
161,Sentret,Normal,Normal,#N/A,215,35,46,34,35,45,20,2,FALSE,FALSE,FALSE
162,Furret,Normal,Normal,#N/A,415,85,76,64,45,55,90,2,FALSE,FALSE,TRUE
163,Hoothoot,Normal Flying,Normal,Flying,262,60,30,30,36,56,50,2,FALSE,FALSE,FALSE
164,Noctowl,Normal Flying,Normal,Flying,442,100,50,50,76,96,70,2,FALSE,FALSE,TRUE
165,Ledyba,Bug Flying,Bug,Flying,265,40,20,30,40,80,55,2,FALSE,FALSE,FALSE
166,Ledian,Bug Flying,Bug,Flying,390,55,35,50,55,110,85,2,FALSE,FALSE,TRUE
167,Spinarak,Bug Poison,Bug,Poison,250,40,60,40,40,40,30,2,FALSE,FALSE,FALSE
168,Ariados,Bug Poison,Bug,Poison,390,70,90,70,60,60,40,2,FALSE,FALSE,TRUE
169,Crobat,Poison Flying,Poison,Flying,535,85,90,80,70,80,130,2,FALSE,FALSE,TRUE
170,Chinchou,Water Electric,Water,Electric,330,75,38,38,56,56,67,2,FALSE,FALSE,FALSE
171,Lanturn,Water Electric,Water,Electric,460,125,58,58,76,76,67,2,FALSE,FALSE,TRUE
172,Pichu,Electric,Electric,#N/A,205,20,40,15,35,35,60,2,FALSE,FALSE,FALSE
173,Cleffa,Fairy,Fairy,#N/A,218,50,25,28,45,55,15,2,FALSE,FALSE,FALSE
174,Igglybuff,Normal Fairy,Normal,Fairy,210,90,30,15,40,20,15,2,FALSE,FALSE,FALSE
175,Togepi,Fairy,Fairy,#N/A,245,35,20,65,40,65,20,2,FALSE,FALSE,FALSE
176,Togetic,Fairy Flying,Fairy,Flying,405,55,40,85,80,105,40,2,FALSE,FALSE,FALSE
177,Natu,Psychic Flying,Psychic,Flying,320,40,50,45,70,45,70,2,FALSE,FALSE,FALSE
178,Xatu,Psychic Flying,Psychic,Flying,470,65,75,70,95,70,95,2,FALSE,FALSE,TRUE
179,Mareep,Electric,Electric,#N/A,280,55,40,40,65,45,35,2,FALSE,FALSE,FALSE
180,Flaaffy,Electric,Electric,#N/A,365,70,55,55,80,60,45,2,FALSE,FALSE,FALSE
181,Ampharos,Electric,Electric,#N/A,510,90,75,85,115,90,55,2,FALSE,FALSE,TRUE
181,Mega Ampharos,Electric Dragon,Electric,Dragon,610,90,95,105,165,110,45,2,FALSE,TRUE,TRUE
182,Bellossom,Grass,Grass,#N/A,490,75,80,95,90,100,50,2,FALSE,FALSE,TRUE
183,Marill,Water Fairy,Water,Fairy,250,70,20,50,20,50,40,2,FALSE,FALSE,FALSE
184,Azumarill,Water Fairy,Water,Fairy,420,100,50,80,60,80,50,2,FALSE,FALSE,TRUE
185,Sudowoodo,Rock,Rock,#N/A,410,70,100,115,30,65,30,2,FALSE,FALSE,TRUE
186,Politoed,Water,Water,#N/A,500,90,75,75,90,100,70,2,FALSE,FALSE,TRUE
187,Hoppip,Grass Flying,Grass,Flying,250,35,35,40,35,55,50,2,FALSE,FALSE,FALSE
188,Skiploom,Grass Flying,Grass,Flying,340,55,45,50,45,65,80,2,FALSE,FALSE,FALSE
189,Jumpluff,Grass Flying,Grass,Flying,460,75,55,70,55,95,110,2,FALSE,FALSE,TRUE
190,Aipom,Normal,Normal,#N/A,360,55,70,55,40,55,85,2,FALSE,FALSE,FALSE
191,Sunkern,Grass,Grass,#N/A,180,30,30,30,30,30,30,2,FALSE,FALSE,FALSE
192,Sunflora,Grass,Grass,#N/A,425,75,75,55,105,85,30,2,FALSE,FALSE,TRUE
193,Yanma,Bug Flying,Bug,Flying,390,65,65,45,75,45,95,2,FALSE,FALSE,FALSE
194,Wooper,Water Ground,Water,Ground,210,55,45,45,25,25,15,2,FALSE,FALSE,FALSE
195,Quagsire,Water Ground,Water,Ground,430,95,85,85,65,65,35,2,FALSE,FALSE,TRUE
196,Espeon,Psychic,Psychic,#N/A,525,65,65,60,130,95,110,2,FALSE,FALSE,TRUE
197,Umbreon,Dark,Dark,#N/A,525,95,65,110,60,130,65,2,FALSE,FALSE,TRUE
198,Murkrow,Dark Flying,Dark,Flying,405,60,85,42,85,42,91,2,FALSE,FALSE,FALSE
199,Slowking,Water Psychic,Water,Psychic,490,95,75,80,100,110,30,2,FALSE,FALSE,TRUE
200,Misdreavus,Ghost,Ghost,#N/A,435,60,60,60,85,85,85,2,FALSE,FALSE,FALSE
201,Unown,Psychic,Psychic,#N/A,336,48,72,48,72,48,48,2,FALSE,FALSE,TRUE
202,Wobbuffet,Psychic,Psychic,#N/A,405,190,33,58,33,58,33,2,FALSE,FALSE,TRUE
203,Girafarig,Normal Psychic,Normal,Psychic,455,70,80,65,90,65,85,2,FALSE,FALSE,TRUE
204,Pineco,Bug,Bug,#N/A,290,50,65,90,35,35,15,2,FALSE,FALSE,FALSE
205,Forretress,Bug Steel,Bug,Steel,465,75,90,140,60,60,40,2,FALSE,FALSE,TRUE
206,Dunsparce,Normal,Normal,#N/A,415,100,70,70,65,65,45,2,FALSE,FALSE,TRUE
207,Gligar,Ground Flying,Ground,Flying,430,65,75,105,35,65,85,2,FALSE,FALSE,FALSE
208,Steelix,Steel Ground,Steel,Ground,510,75,85,200,55,65,30,2,FALSE,FALSE,TRUE
208,Mega Steelix,Steel Ground,Steel,Ground,610,75,125,230,55,95,30,2,FALSE,TRUE,TRUE
209,Snubbull,Fairy,Fairy,#N/A,300,60,80,50,40,40,30,2,FALSE,FALSE,FALSE
210,Granbull,Fairy,Fairy,#N/A,450,90,120,75,60,60,45,2,FALSE,FALSE,TRUE
211,Qwilfish,Water Poison,Water,Poison,430,65,95,75,55,55,85,2,FALSE,FALSE,TRUE
212,Scizor,Bug Steel,Bug,Steel,500,70,130,100,55,80,65,2,FALSE,FALSE,TRUE
212,Mega Scizor,Bug Steel,Bug,Steel,600,70,150,140,65,100,75,2,FALSE,TRUE,TRUE
213,Shuckle,Bug Rock,Bug,Rock,505,20,10,230,10,230,5,2,FALSE,FALSE,TRUE
214,Heracross,Bug Fighting,Bug,Fighting,500,80,125,75,40,95,85,2,FALSE,FALSE,TRUE
214,Mega Heracross,Bug Fighting,Bug,Fighting,600,80,185,115,40,105,75,2,FALSE,TRUE,TRUE
215,Sneasel,Dark Ice,Dark,Ice,430,55,95,55,35,75,115,2,FALSE,FALSE,FALSE
216,Teddiursa,Normal,Normal,#N/A,330,60,80,50,50,50,40,2,FALSE,FALSE,FALSE
217,Ursaring,Normal,Normal,#N/A,500,90,130,75,75,75,55,2,FALSE,FALSE,TRUE
218,Slugma,Fire,Fire,#N/A,250,40,40,40,70,40,20,2,FALSE,FALSE,FALSE
219,Magcargo,Fire Rock,Fire,Rock,410,50,50,120,80,80,30,2,FALSE,FALSE,TRUE
220,Swinub,Ice Ground,Ice,Ground,250,50,50,40,30,30,50,2,FALSE,FALSE,FALSE
221,Piloswine,Ice Ground,Ice,Ground,450,100,100,80,60,60,50,2,FALSE,FALSE,TRUE
222,Corsola,Water Rock,Water,Rock,380,55,55,85,65,85,35,2,FALSE,FALSE,TRUE
223,Remoraid,Water,Water,#N/A,300,35,65,35,65,35,65,2,FALSE,FALSE,FALSE
224,Octillery,Water,Water,#N/A,480,75,105,75,105,75,45,2,FALSE,FALSE,TRUE
225,Delibird,Ice Flying,Ice,Flying,330,45,55,45,65,45,75,2,FALSE,FALSE,TRUE
226,Mantine,Water Flying,Water,Flying,465,65,40,70,80,140,70,2,FALSE,FALSE,TRUE
227,Skarmory,Steel Flying,Steel,Flying,465,65,80,140,40,70,70,2,FALSE,FALSE,TRUE
228,Houndour,Dark Fire,Dark,Fire,330,45,60,30,80,50,65,2,FALSE,FALSE,FALSE
229,Houndoom,Dark Fire,Dark,Fire,500,75,90,50,110,80,95,2,FALSE,FALSE,TRUE
229,Mega Houndoom,Dark Fire,Dark,Fire,600,75,90,90,140,90,115,2,FALSE,TRUE,TRUE
230,Kingdra,Water Dragon,Water,Dragon,540,75,95,95,95,95,85,2,FALSE,FALSE,TRUE
231,Phanpy,Ground,Ground,#N/A,330,90,60,60,40,40,40,2,FALSE,FALSE,FALSE
232,Donphan,Ground,Ground,#N/A,500,90,120,120,60,60,50,2,FALSE,FALSE,TRUE
233,Porygon2,Normal,Normal,#N/A,515,85,80,90,105,95,60,2,FALSE,FALSE,FALSE
234,Stantler,Normal,Normal,#N/A,465,73,95,62,85,65,85,2,FALSE,FALSE,TRUE
235,Smeargle,Normal,Normal,#N/A,250,55,20,35,20,45,75,2,FALSE,FALSE,TRUE
236,Tyrogue,Fighting,Fighting,#N/A,210,35,35,35,35,35,35,2,FALSE,FALSE,FALSE
237,Hitmontop,Fighting,Fighting,#N/A,455,50,95,95,35,110,70,2,FALSE,FALSE,TRUE
238,Smoochum,Ice Psychic,Ice,Psychic,305,45,30,15,85,65,65,2,FALSE,FALSE,FALSE
239,Elekid,Electric,Electric,#N/A,360,45,63,37,65,55,95,2,FALSE,FALSE,FALSE
240,Magby,Fire,Fire,#N/A,365,45,75,37,70,55,83,2,FALSE,FALSE,FALSE
241,Miltank,Normal,Normal,#N/A,490,95,80,105,40,70,100,2,FALSE,FALSE,TRUE
242,Blissey,Normal,Normal,#N/A,540,255,10,10,75,135,55,2,FALSE,FALSE,TRUE
243,Raikou,Electric,Electric,#N/A,580,90,85,75,115,100,115,2,TRUE,FALSE,TRUE
244,Entei,Fire,Fire,#N/A,580,115,115,85,90,75,100,2,TRUE,FALSE,TRUE
245,Suicune,Water,Water,#N/A,580,100,75,115,90,115,85,2,TRUE,FALSE,TRUE
246,Larvitar,Rock Ground,Rock,Ground,300,50,64,50,45,50,41,2,FALSE,FALSE,FALSE
247,Pupitar,Rock Ground,Rock,Ground,410,70,84,70,65,70,51,2,FALSE,FALSE,FALSE
248,Tyranitar,Rock Dark,Rock,Dark,600,100,134,110,95,100,61,2,FALSE,FALSE,TRUE
248,Mega Tyranitar,Rock Dark,Rock,Dark,700,100,164,150,95,120,71,2,FALSE,TRUE,TRUE
249,Lugia,Psychic Flying,Psychic,Flying,680,106,90,130,90,154,110,2,TRUE,FALSE,TRUE
250,Ho-oh,Fire Flying,Fire,Flying,680,106,130,90,110,154,90,2,TRUE,FALSE,TRUE
251,Celebi,Psychic Grass,Psychic,Grass,600,100,100,100,100,100,100,2,FALSE,FALSE,TRUE
252,Treecko,Grass,Grass,#N/A,310,40,45,35,65,55,70,3,FALSE,FALSE,FALSE
253,Grovyle,Grass,Grass,#N/A,405,50,65,45,85,65,95,3,FALSE,FALSE,FALSE
254,Sceptile,Grass,Grass,#N/A,530,70,85,65,105,85,120,3,FALSE,FALSE,TRUE
254,Mega Sceptile,Grass Dragon,Grass,Dragon,630,70,110,75,145,85,145,3,FALSE,TRUE,TRUE
255,Torchic,Fire,Fire,#N/A,310,45,60,40,70,50,45,3,FALSE,FALSE,FALSE
256,Combusken,Fire Fighting,Fire,Fighting,405,60,85,60,85,60,55,3,FALSE,FALSE,FALSE
257,Blaziken,Fire Fighting,Fire,Fighting,530,80,120,70,110,70,80,3,FALSE,FALSE,TRUE
257,Mega Blaziken,Fire Fighting,Fire,Fighting,630,80,160,80,130,80,100,3,FALSE,TRUE,TRUE
258,Mudkip,Water,Water,#N/A,310,50,70,50,50,50,40,3,FALSE,FALSE,FALSE
259,Marshtomp,Water Ground,Water,Ground,405,70,85,70,60,70,50,3,FALSE,FALSE,FALSE
260,Swampert,Water Ground,Water,Ground,535,100,110,90,85,90,60,3,FALSE,FALSE,TRUE
260,Mega Swampert,Water Ground,Water,Ground,635,100,150,110,95,110,70,3,FALSE,TRUE,TRUE
261,Poochyena,Dark,Dark,#N/A,220,35,55,35,30,30,35,3,FALSE,FALSE,FALSE
262,Mightyena,Dark,Dark,#N/A,420,70,90,70,60,60,70,3,FALSE,FALSE,TRUE
263,Zigzagoon,Normal,Normal,#N/A,240,38,30,41,30,41,60,3,FALSE,FALSE,FALSE
264,Linoone,Normal,Normal,#N/A,420,78,70,61,50,61,100,3,FALSE,FALSE,TRUE
265,Wurmple,Bug,Bug,#N/A,195,45,45,35,20,30,20,3,FALSE,FALSE,FALSE
266,Silcoon,Bug,Bug,#N/A,205,50,35,55,25,25,15,3,FALSE,FALSE,FALSE
267,Beautifly,Bug Flying,Bug,Flying,395,60,70,50,100,50,65,3,FALSE,FALSE,TRUE
268,Cascoon,Bug,Bug,#N/A,205,50,35,55,25,25,15,3,FALSE,FALSE,FALSE
269,Dustox,Bug Poison,Bug,Poison,385,60,50,70,50,90,65,3,FALSE,FALSE,TRUE
270,Lotad,Water Grass,Water,Grass,220,40,30,30,40,50,30,3,FALSE,FALSE,FALSE
271,Lombre,Water Grass,Water,Grass,340,60,50,50,60,70,50,3,FALSE,FALSE,FALSE
272,Ludicolo,Water Grass,Water,Grass,480,80,70,70,90,100,70,3,FALSE,FALSE,TRUE
273,Seedot,Grass,Grass,#N/A,220,40,40,50,30,30,30,3,FALSE,FALSE,FALSE
274,Nuzleaf,Grass Dark,Grass,Dark,340,70,70,40,60,40,60,3,FALSE,FALSE,FALSE
275,Shiftry,Grass Dark,Grass,Dark,480,90,100,60,90,60,80,3,FALSE,FALSE,TRUE
276,Taillow,Normal Flying,Normal,Flying,270,40,55,30,30,30,85,3,FALSE,FALSE,FALSE
277,Swellow,Normal Flying,Normal,Flying,430,60,85,60,50,50,125,3,FALSE,FALSE,TRUE
278,Wingull,Water Flying,Water,Flying,270,40,30,30,55,30,85,3,FALSE,FALSE,FALSE
279,Pelipper,Water Flying,Water,Flying,430,60,50,100,85,70,65,3,FALSE,FALSE,TRUE
280,Ralts,Psychic Fairy,Psychic,Fairy,198,28,25,25,45,35,40,3,FALSE,FALSE,FALSE
281,Kirlia,Psychic Fairy,Psychic,Fairy,278,38,35,35,65,55,50,3,FALSE,FALSE,FALSE
282,Gardevoir,Psychic Fairy,Psychic,Fairy,518,68,65,65,125,115,80,3,FALSE,FALSE,TRUE
282,Mega Gardevoir,Psychic Fairy,Psychic,Fairy,618,68,85,65,165,135,100,3,FALSE,TRUE,TRUE
283,Surskit,Bug Water,Bug,Water,269,40,30,32,50,52,65,3,FALSE,FALSE,FALSE
284,Masquerain,Bug Flying,Bug,Flying,414,70,60,62,80,82,60,3,FALSE,FALSE,TRUE
285,Shroomish,Grass,Grass,#N/A,295,60,40,60,40,60,35,3,FALSE,FALSE,FALSE
286,Breloom,Grass Fighting,Grass,Fighting,460,60,130,80,60,60,70,3,FALSE,FALSE,TRUE
287,Slakoth,Normal,Normal,#N/A,280,60,60,60,35,35,30,3,FALSE,FALSE,FALSE
288,Vigoroth,Normal,Normal,#N/A,440,80,80,80,55,55,90,3,FALSE,FALSE,FALSE
289,Slaking,Normal,Normal,#N/A,670,150,160,100,95,65,100,3,FALSE,FALSE,TRUE
290,Nincada,Bug Ground,Bug,Ground,266,31,45,90,30,30,40,3,FALSE,FALSE,FALSE
291,Ninjask,Bug Flying,Bug,Flying,456,61,90,45,50,50,160,3,FALSE,FALSE,TRUE
292,Shedinja,Bug Ghost,Bug,Ghost,236,1,90,45,30,30,40,3,FALSE,FALSE,TRUE
293,Whismur,Normal,Normal,#N/A,240,64,51,23,51,23,28,3,FALSE,FALSE,FALSE
294,Loudred,Normal,Normal,#N/A,360,84,71,43,71,43,48,3,FALSE,FALSE,FALSE
295,Exploud,Normal,Normal,#N/A,490,104,91,63,91,73,68,3,FALSE,FALSE,TRUE
296,Makuhita,Fighting,Fighting,#N/A,237,72,60,30,20,30,25,3,FALSE,FALSE,FALSE
297,Hariyama,Fighting,Fighting,#N/A,474,144,120,60,40,60,50,3,FALSE,FALSE,TRUE
298,Azurill,Normal Fairy,Normal,Fairy,190,50,20,40,20,40,20,3,FALSE,FALSE,FALSE
299,Nosepass,Rock,Rock,#N/A,375,30,45,135,45,90,30,3,FALSE,FALSE,FALSE
300,Skitty,Normal,Normal,#N/A,260,50,45,45,35,35,50,3,FALSE,FALSE,FALSE
301,Delcatty,Normal,Normal,#N/A,380,70,65,65,55,55,70,3,FALSE,FALSE,TRUE
302,Sableye,Dark Ghost,Dark,Ghost,380,50,75,75,65,65,50,3,FALSE,FALSE,TRUE
302,Mega Sableye,Dark Ghost,Dark,Ghost,480,50,85,125,85,115,20,3,FALSE,TRUE,TRUE
303,Mawile,Steel Fairy,Steel,Fairy,380,50,85,85,55,55,50,3,FALSE,FALSE,TRUE
303,Mega Mawile,Steel Fairy,Steel,Fairy,480,50,105,125,55,95,50,3,FALSE,TRUE,TRUE
304,Aron,Steel Rock,Steel,Rock,330,50,70,100,40,40,30,3,FALSE,FALSE,FALSE
305,Lairon,Steel Rock,Steel,Rock,430,60,90,140,50,50,40,3,FALSE,FALSE,FALSE
306,Aggron,Steel Rock,Steel,Rock,530,70,110,180,60,60,50,3,FALSE,FALSE,TRUE
306,Mega Aggron,Steel,Steel,#N/A,630,70,140,230,60,80,50,3,FALSE,TRUE,TRUE
307,Meditite,Fighting Psychic,Fighting,Psychic,280,30,40,55,40,55,60,3,FALSE,FALSE,FALSE
308,Medicham,Fighting Psychic,Fighting,Psychic,410,60,60,75,60,75,80,3,FALSE,FALSE,TRUE
308,Mega Medicham,Fighting Psychic,Fighting,Psychic,510,60,100,85,80,85,100,3,FALSE,TRUE,TRUE
309,Electrike,Electric,Electric,#N/A,295,40,45,40,65,40,65,3,FALSE,FALSE,FALSE
310,Manectric,Electric,Electric,#N/A,475,70,75,60,105,60,105,3,FALSE,FALSE,TRUE
310,Mega Manectric,Electric,Electric,#N/A,575,70,75,80,135,80,135,3,FALSE,TRUE,TRUE
311,Plusle,Electric,Electric,#N/A,405,60,50,40,85,75,95,3,FALSE,FALSE,TRUE
312,Minun,Electric,Electric,#N/A,405,60,40,50,75,85,95,3,FALSE,FALSE,TRUE
313,Volbeat,Bug,Bug,#N/A,400,65,73,55,47,75,85,3,FALSE,FALSE,TRUE
314,Illumise,Bug,Bug,#N/A,400,65,47,55,73,75,85,3,FALSE,FALSE,TRUE
315,Roselia,Grass Poison,Grass,Poison,400,50,60,45,100,80,65,3,FALSE,FALSE,FALSE
316,Gulpin,Poison,Poison,#N/A,302,70,43,53,43,53,40,3,FALSE,FALSE,FALSE
317,Swalot,Poison,Poison,#N/A,467,100,73,83,73,83,55,3,FALSE,FALSE,TRUE
318,Carvanha,Water Dark,Water,Dark,305,45,90,20,65,20,65,3,FALSE,FALSE,FALSE
319,Sharpedo,Water Dark,Water,Dark,460,70,120,40,95,40,95,3,FALSE,FALSE,TRUE
319,Mega Sharpedo,Water Dark,Water,Dark,560,70,140,70,110,65,105,3,FALSE,TRUE,TRUE
320,Wailmer,Water,Water,#N/A,400,130,70,35,70,35,60,3,FALSE,FALSE,FALSE
321,Wailord,Water,Water,#N/A,500,170,90,45,90,45,60,3,FALSE,FALSE,TRUE
322,Numel,Fire Ground,Fire,Ground,305,60,60,40,65,45,35,3,FALSE,FALSE,FALSE
323,Camerupt,Fire Ground,Fire,Ground,460,70,100,70,105,75,40,3,FALSE,FALSE,TRUE
323,Mega Camerupt,Fire Ground,Fire,Ground,560,70,120,100,145,105,20,3,FALSE,TRUE,TRUE
324,Torkoal,Fire,Fire,#N/A,470,70,85,140,85,70,20,3,FALSE,FALSE,TRUE
325,Spoink,Psychic,Psychic,#N/A,330,60,25,35,70,80,60,3,FALSE,FALSE,FALSE
326,Grumpig,Psychic,Psychic,#N/A,470,80,45,65,90,110,80,3,FALSE,FALSE,TRUE
327,Spinda,Normal,Normal,#N/A,360,60,60,60,60,60,60,3,FALSE,FALSE,TRUE
328,Trapinch,Ground,Ground,#N/A,290,45,100,45,45,45,10,3,FALSE,FALSE,FALSE
329,Vibrava,Ground Dragon,Ground,Dragon,340,50,70,50,50,50,70,3,FALSE,FALSE,FALSE
330,Flygon,Ground Dragon,Ground,Dragon,520,80,100,80,80,80,100,3,FALSE,FALSE,TRUE
331,Cacnea,Grass,Grass,#N/A,335,50,85,40,85,40,35,3,FALSE,FALSE,FALSE
332,Cacturne,Grass Dark,Grass,Dark,475,70,115,60,115,60,55,3,FALSE,FALSE,TRUE
333,Swablu,Normal Flying,Normal,Flying,310,45,40,60,40,75,50,3,FALSE,FALSE,FALSE
334,Altaria,Dragon Flying,Dragon,Flying,490,75,70,90,70,105,80,3,FALSE,FALSE,TRUE
334,Mega Altaria,Dragon Fairy,Dragon,Fairy,590,75,110,110,110,105,80,3,FALSE,TRUE,TRUE
335,Zangoose,Normal,Normal,#N/A,458,73,115,60,60,60,90,3,FALSE,FALSE,TRUE
336,Seviper,Poison,Poison,#N/A,458,73,100,60,100,60,65,3,FALSE,FALSE,TRUE
337,Lunatone,Rock Psychic,Rock,Psychic,440,70,55,65,95,85,70,3,FALSE,FALSE,TRUE
338,Solrock,Rock Psychic,Rock,Psychic,440,70,95,85,55,65,70,3,FALSE,FALSE,TRUE
339,Barboach,Water Ground,Water,Ground,288,50,48,43,46,41,60,3,FALSE,FALSE,FALSE
340,Whiscash,Water Ground,Water,Ground,468,110,78,73,76,71,60,3,FALSE,FALSE,TRUE
341,Corphish,Water,Water,#N/A,308,43,80,65,50,35,35,3,FALSE,FALSE,FALSE
342,Crawdaunt,Water Dark,Water,Dark,468,63,120,85,90,55,55,3,FALSE,FALSE,TRUE
343,Baltoy,Ground Psychic,Ground,Psychic,300,40,40,55,40,70,55,3,FALSE,FALSE,FALSE
344,Claydol,Ground Psychic,Ground,Psychic,500,60,70,105,70,120,75,3,FALSE,FALSE,TRUE
345,Lileep,Rock Grass,Rock,Grass,355,66,41,77,61,87,23,3,FALSE,FALSE,FALSE
346,Cradily,Rock Grass,Rock,Grass,495,86,81,97,81,107,43,3,FALSE,FALSE,TRUE
347,Anorith,Rock Bug,Rock,Bug,355,45,95,50,40,50,75,3,FALSE,FALSE,FALSE
348,Armaldo,Rock Bug,Rock,Bug,495,75,125,100,70,80,45,3,FALSE,FALSE,TRUE
349,Feebas,Water,Water,#N/A,200,20,15,20,10,55,80,3,FALSE,FALSE,FALSE
350,Milotic,Water,Water,#N/A,540,95,60,79,100,125,81,3,FALSE,FALSE,TRUE
351,Castform,Normal,Normal,#N/A,420,70,70,70,70,70,70,3,FALSE,FALSE,TRUE
352,Kecleon,Normal,Normal,#N/A,440,60,90,70,60,120,40,3,FALSE,FALSE,TRUE
353,Shuppet,Ghost,Ghost,#N/A,295,44,75,35,63,33,45,3,FALSE,FALSE,FALSE
354,Banette,Ghost,Ghost,#N/A,455,64,115,65,83,63,65,3,FALSE,FALSE,TRUE
354,Mega Banette,Ghost,Ghost,#N/A,555,64,165,75,93,83,75,3,FALSE,TRUE,TRUE
355,Duskull,Ghost,Ghost,#N/A,295,20,40,90,30,90,25,3,FALSE,FALSE,FALSE
356,Dusclops,Ghost,Ghost,#N/A,455,40,70,130,60,130,25,3,FALSE,FALSE,FALSE
357,Tropius,Grass Flying,Grass,Flying,460,99,68,83,72,87,51,3,FALSE,FALSE,TRUE
358,Chimecho,Psychic,Psychic,#N/A,425,65,50,70,95,80,65,3,FALSE,FALSE,TRUE
359,Absol,Dark,Dark,#N/A,465,65,130,60,75,60,75,3,FALSE,FALSE,TRUE
359,Mega Absol,Dark,Dark,#N/A,565,65,150,60,115,60,115,3,FALSE,TRUE,TRUE
360,Wynaut,Psychic,Psychic,#N/A,260,95,23,48,23,48,23,3,FALSE,FALSE,FALSE
361,Snorunt,Ice,Ice,#N/A,300,50,50,50,50,50,50,3,FALSE,FALSE,FALSE
362,Glalie,Ice,Ice,#N/A,480,80,80,80,80,80,80,3,FALSE,FALSE,TRUE
362,Mega Glalie,Ice,Ice,#N/A,580,80,120,80,120,80,100,3,FALSE,TRUE,TRUE
363,Spheal,Ice Water,Ice,Water,290,70,40,50,55,50,25,3,FALSE,FALSE,FALSE
364,Sealeo,Ice Water,Ice,Water,410,90,60,70,75,70,45,3,FALSE,FALSE,FALSE
365,Walrein,Ice Water,Ice,Water,530,110,80,90,95,90,65,3,FALSE,FALSE,TRUE
366,Clamperl,Water,Water,#N/A,345,35,64,85,74,55,32,3,FALSE,FALSE,FALSE
367,Huntail,Water,Water,#N/A,485,55,104,105,94,75,52,3,FALSE,FALSE,TRUE
368,Gorebyss,Water,Water,#N/A,485,55,84,105,114,75,52,3,FALSE,FALSE,TRUE
369,Relicanth,Water Rock,Water,Rock,485,100,90,130,45,65,55,3,FALSE,FALSE,TRUE
370,Luvdisc,Water,Water,#N/A,330,43,30,55,40,65,97,3,FALSE,FALSE,TRUE
371,Bagon,Dragon,Dragon,#N/A,300,45,75,60,40,30,50,3,FALSE,FALSE,FALSE
372,Shelgon,Dragon,Dragon,#N/A,420,65,95,100,60,50,50,3,FALSE,FALSE,FALSE
373,Salamence,Dragon Flying,Dragon,Flying,600,95,135,80,110,80,100,3,FALSE,FALSE,TRUE
373,Mega Salamence,Dragon Flying,Dragon,Flying,700,95,145,130,120,90,120,3,FALSE,TRUE,TRUE
374,Beldum,Steel Psychic,Steel,Psychic,300,40,55,80,35,60,30,3,FALSE,FALSE,FALSE
375,Metang,Steel Psychic,Steel,Psychic,420,60,75,100,55,80,50,3,FALSE,FALSE,FALSE
376,Metagross,Steel Psychic,Steel,Psychic,600,80,135,130,95,90,70,3,FALSE,FALSE,TRUE
376,Mega Metagross,Steel Psychic,Steel,Psychic,700,80,145,150,105,110,110,3,FALSE,TRUE,TRUE
377,Regirock,Rock,Rock,#N/A,580,80,100,200,50,100,50,3,TRUE,FALSE,TRUE
378,Regice,Ice,Ice,#N/A,580,80,50,100,100,200,50,3,TRUE,FALSE,TRUE
379,Registeel,Steel,Steel,#N/A,580,80,75,150,75,150,50,3,TRUE,FALSE,TRUE
380,Latias,Dragon Psychic,Dragon,Psychic,600,80,80,90,110,130,110,3,TRUE,FALSE,TRUE
380,Mega Latias,Dragon Psychic,Dragon,Psychic,700,80,100,120,140,150,110,3,TRUE,TRUE,TRUE
381,Latios,Dragon Psychic,Dragon,Psychic,600,80,90,80,130,110,110,3,TRUE,FALSE,TRUE
381,Mega Latios,Dragon Psychic,Dragon,Psychic,700,80,130,100,160,120,110,3,TRUE,TRUE,TRUE
382,Kyogre,Water,Water,#N/A,670,100,100,90,150,140,90,3,TRUE,FALSE,TRUE
382,Primal Kyogre,Water,Water,#N/A,770,100,150,90,180,160,90,3,TRUE,FALSE,TRUE
383,Groudon,Ground,Ground,#N/A,670,100,150,140,100,90,90,3,TRUE,FALSE,TRUE
383,Primal Groudon,Ground Fire,Ground,Fire,770,100,180,160,150,90,90,3,TRUE,FALSE,TRUE
384,Rayquaza,Dragon Flying,Dragon,Flying,680,105,150,90,150,90,95,3,TRUE,FALSE,TRUE
384,Mega Rayquaza,Dragon Flying,Dragon,Flying,780,105,180,100,180,100,115,3,TRUE,TRUE,TRUE
385,Jirachi,Steel Psychic,Steel,Psychic,600,100,100,100,100,100,100,3,TRUE,FALSE,TRUE
386,Deoxys Normal Form,Psychic,Psychic,#N/A,600,50,150,50,150,50,150,3,TRUE,FALSE,TRUE
386,Deoxys Attack Form,Psychic,Psychic,#N/A,600,50,180,20,180,20,150,3,TRUE,FALSE,TRUE
386,Deoxys Defense Form,Psychic,Psychic,#N/A,600,50,70,160,70,160,90,3,TRUE,FALSE,TRUE
386,Deoxys Speed Form,Psychic,Psychic,#N/A,600,50,95,90,95,90,180,3,TRUE,FALSE,TRUE
387,Turtwig,Grass,Grass,#N/A,318,55,68,64,45,55,31,4,FALSE,FALSE,FALSE
388,Grotle,Grass,Grass,#N/A,405,75,89,85,55,65,36,4,FALSE,FALSE,FALSE
389,Torterra,Grass Ground,Grass,Ground,525,95,109,105,75,85,56,4,FALSE,FALSE,TRUE
390,Chimchar,Fire,Fire,#N/A,309,44,58,44,58,44,61,4,FALSE,FALSE,FALSE
391,Monferno,Fire Fighting,Fire,Fighting,405,64,78,52,78,52,81,4,FALSE,FALSE,FALSE
392,Infernape,Fire Fighting,Fire,Fighting,534,76,104,71,104,71,108,4,FALSE,FALSE,TRUE
393,Piplup,Water,Water,#N/A,314,53,51,53,61,56,40,4,FALSE,FALSE,FALSE
394,Prinplup,Water,Water,#N/A,405,64,66,68,81,76,50,4,FALSE,FALSE,FALSE
395,Empoleon,Water Steel,Water,Steel,530,84,86,88,111,101,60,4,FALSE,FALSE,TRUE
396,Starly,Normal Flying,Normal,Flying,245,40,55,30,30,30,60,4,FALSE,FALSE,FALSE
397,Staravia,Normal Flying,Normal,Flying,340,55,75,50,40,40,80,4,FALSE,FALSE,FALSE
398,Staraptor,Normal Flying,Normal,Flying,485,85,120,70,50,60,100,4,FALSE,FALSE,TRUE
399,Bidoof,Normal,Normal,#N/A,250,59,45,40,35,40,31,4,FALSE,FALSE,FALSE
400,Bibarel,Normal Water,Normal,Water,410,79,85,60,55,60,71,4,FALSE,FALSE,TRUE
401,Kricketot,Bug,Bug,#N/A,194,37,25,41,25,41,25,4,FALSE,FALSE,FALSE
402,Kricketune,Bug,Bug,#N/A,384,77,85,51,55,51,65,4,FALSE,FALSE,TRUE
403,Shinx,Electric,Electric,#N/A,263,45,65,34,40,34,45,4,FALSE,FALSE,FALSE
404,Luxio,Electric,Electric,#N/A,363,60,85,49,60,49,60,4,FALSE,FALSE,FALSE
405,Luxray,Electric,Electric,#N/A,523,80,120,79,95,79,70,4,FALSE,FALSE,TRUE
406,Budew,Grass Poison,Grass,Poison,280,40,30,35,50,70,55,4,FALSE,FALSE,FALSE
407,Roserade,Grass Poison,Grass,Poison,515,60,70,65,125,105,90,4,FALSE,FALSE,TRUE
408,Cranidos,Rock,Rock,#N/A,350,67,125,40,30,30,58,4,FALSE,FALSE,FALSE
409,Rampardos,Rock,Rock,#N/A,495,97,165,60,65,50,58,4,FALSE,FALSE,TRUE
410,Shieldon,Rock Steel,Rock,Steel,350,30,42,118,42,88,30,4,FALSE,FALSE,FALSE
411,Bastiodon,Rock Steel,Rock,Steel,495,60,52,168,47,138,30,4,FALSE,FALSE,TRUE
412,Burmy,Bug,Bug,#N/A,224,40,29,45,29,45,36,4,FALSE,FALSE,FALSE
413,Wormadam Plant Cloak,Bug Grass,Bug,Grass,424,60,59,85,79,105,36,4,FALSE,FALSE,FALSE
413,Wormadam Sandy Cloak,Bug Ground,Bug,Ground,424,60,79,105,59,85,36,4,FALSE,FALSE,FALSE
413,Wormadam Trash Cloak,Bug Steel,Bug,Steel,424,60,69,95,69,95,36,4,FALSE,FALSE,FALSE
414,Mothim,Bug Flying,Bug,Flying,424,70,94,50,94,50,66,4,FALSE,FALSE,TRUE
415,Combee,Bug Flying,Bug,Flying,244,30,30,42,30,42,70,4,FALSE,FALSE,FALSE
416,Vespiquen,Bug Flying,Bug,Flying,474,70,80,102,80,102,40,4,FALSE,FALSE,TRUE
417,Pachirisu,Electric,Electric,#N/A,405,60,45,70,45,90,95,4,FALSE,FALSE,TRUE
418,Buizel,Water,Water,#N/A,330,55,65,35,60,30,85,4,FALSE,FALSE,FALSE
419,Floatzel,Water,Water,#N/A,495,85,105,55,85,50,115,4,FALSE,FALSE,TRUE
420,Cherubi,Grass,Grass,#N/A,275,45,35,45,62,53,35,4,FALSE,FALSE,FALSE
421,Cherrim,Grass,Grass,#N/A,450,70,60,70,87,78,85,4,FALSE,FALSE,TRUE
422,Shellos,Water,Water,#N/A,325,76,48,48,57,62,34,4,FALSE,FALSE,FALSE
423,Gastrodon,Water Ground,Water,Ground,475,111,83,68,92,82,39,4,FALSE,FALSE,TRUE
424,Ambipom,Normal,Normal,#N/A,482,75,100,66,60,66,115,4,FALSE,FALSE,TRUE
425,Drifloon,Ghost Flying,Ghost,Flying,348,90,50,34,60,44,70,4,FALSE,FALSE,FALSE
426,Drifblim,Ghost Flying,Ghost,Flying,498,150,80,44,90,54,80,4,FALSE,FALSE,TRUE
427,Buneary,Normal,Normal,#N/A,350,55,66,44,44,56,85,4,FALSE,FALSE,FALSE
428,Lopunny,Normal,Normal,#N/A,480,65,76,84,54,96,105,4,FALSE,FALSE,TRUE
428,Mega Lopunny,Normal Fighting,Normal,Fighting,580,65,136,94,54,96,135,4,FALSE,TRUE,TRUE
429,Mismagius,Ghost,Ghost,#N/A,495,60,60,60,105,105,105,4,FALSE,FALSE,TRUE
430,Honchkrow,Dark Flying,Dark,Flying,505,100,125,52,105,52,71,4,FALSE,FALSE,TRUE
431,Glameow,Normal,Normal,#N/A,310,49,55,42,42,37,85,4,FALSE,FALSE,FALSE
432,Purugly,Normal,Normal,#N/A,452,71,82,64,64,59,112,4,FALSE,FALSE,TRUE
433,Chingling,Psychic,Psychic,#N/A,285,45,30,50,65,50,45,4,FALSE,FALSE,FALSE
434,Stunky,Poison Dark,Poison,Dark,329,63,63,47,41,41,74,4,FALSE,FALSE,FALSE
435,Skuntank,Poison Dark,Poison,Dark,479,103,93,67,71,61,84,4,FALSE,FALSE,TRUE
436,Bronzor,Steel Psychic,Steel,Psychic,300,57,24,86,24,86,23,4,FALSE,FALSE,FALSE
437,Bronzong,Steel Psychic,Steel,Psychic,500,67,89,116,79,116,33,4,FALSE,FALSE,TRUE
438,Bonsly,Rock,Rock,#N/A,290,50,80,95,10,45,10,4,FALSE,FALSE,FALSE
439,Mime Jr.,Psychic Fairy,Psychic,Fairy,310,20,25,45,70,90,60,4,FALSE,FALSE,FALSE
440,Happiny,Normal,Normal,#N/A,220,100,5,5,15,65,30,4,FALSE,FALSE,FALSE
441,Chatot,Normal Flying,Normal,Flying,411,76,65,45,92,42,91,4,FALSE,FALSE,FALSE
442,Spiritomb,Ghost Dark,Ghost,Dark,485,50,92,108,92,108,35,4,FALSE,FALSE,TRUE
443,Gible,Dragon Ground,Dragon,Ground,300,58,70,45,40,45,42,4,FALSE,FALSE,FALSE
444,Gabite,Dragon Ground,Dragon,Ground,410,68,90,65,50,55,82,4,FALSE,FALSE,FALSE
445,Garchomp,Dragon Ground,Dragon,Ground,600,108,130,95,80,85,102,4,FALSE,FALSE,TRUE
445,Mega Garchomp,Dragon Ground,Dragon,Ground,700,108,170,115,120,95,92,4,FALSE,TRUE,TRUE
446,Munchlax,Normal,Normal,#N/A,390,135,85,40,40,85,5,4,FALSE,FALSE,FALSE
447,Riolu,Fighting,Fighting,#N/A,285,40,70,40,35,40,60,4,FALSE,FALSE,FALSE
448,Lucario,Fighting Steel,Fighting,Steel,525,70,110,70,115,70,90,4,FALSE,FALSE,TRUE
448,Mega Lucario,Fighting Steel,Fighting,Steel,625,70,145,88,140,70,112,4,FALSE,TRUE,TRUE
449,Hippopotas,Ground,Ground,#N/A,330,68,72,78,38,42,32,4,FALSE,FALSE,FALSE
450,Hippowdon,Ground,Ground,#N/A,525,108,112,118,68,72,47,4,FALSE,FALSE,TRUE
451,Skorupi,Poison Bug,Poison,Bug,330,40,50,90,30,55,65,4,FALSE,FALSE,FALSE
452,Drapion,Poison Dark,Poison,Dark,500,70,90,110,60,75,95,4,FALSE,FALSE,TRUE
453,Croagunk,Poison Fighting,Poison,Fighting,300,48,61,40,61,40,50,4,FALSE,FALSE,FALSE
454,Toxicroak,Poison Fighting,Poison,Fighting,490,83,106,65,86,65,85,4,FALSE,FALSE,TRUE
455,Carnivine,Grass,Grass,#N/A,454,74,100,72,90,72,46,4,FALSE,FALSE,TRUE
456,Finneon,Water,Water,#N/A,330,49,49,56,49,61,66,4,FALSE,FALSE,FALSE
457,Lumineon,Water,Water,#N/A,460,69,69,76,69,86,91,4,FALSE,FALSE,TRUE
458,Mantyke,Water Flying,Water,Flying,345,45,20,50,60,120,50,4,FALSE,FALSE,FALSE
459,Snover,Grass Ice,Grass,Ice,334,60,62,50,62,60,40,4,FALSE,FALSE,FALSE
460,Abomasnow,Grass Ice,Grass,Ice,494,90,92,75,92,85,60,4,FALSE,FALSE,TRUE
460,Mega Abomasnow,Grass Ice,Grass,Ice,594,90,132,105,132,105,30,4,FALSE,TRUE,TRUE
461,Weavile,Dark Ice,Dark,Ice,510,70,120,65,45,85,125,4,FALSE,FALSE,TRUE
462,Magnezone,Electric Steel,Electric,Steel,535,70,70,115,130,90,60,4,FALSE,FALSE,TRUE
463,Lickilicky,Normal,Normal,#N/A,515,110,85,95,80,95,50,4,FALSE,FALSE,TRUE
464,Rhyperior,Ground Rock,Ground,Rock,535,115,140,130,55,55,40,4,FALSE,FALSE,TRUE
465,Tangrowth,Grass,Grass,#N/A,535,100,100,125,110,50,50,4,FALSE,FALSE,TRUE
466,Electivire,Electric,Electric,#N/A,540,75,123,67,95,85,95,4,FALSE,FALSE,TRUE
467,Magmortar,Fire,Fire,#N/A,540,75,95,67,125,95,83,4,FALSE,FALSE,TRUE
468,Togekiss,Fairy Flying,Fairy,Flying,545,85,50,95,120,115,80,4,FALSE,FALSE,TRUE
469,Yanmega,Bug Flying,Bug,Flying,515,86,76,86,116,56,95,4,FALSE,FALSE,TRUE
470,Leafeon,Grass,Grass,#N/A,525,65,110,130,60,65,95,4,FALSE,FALSE,TRUE
471,Glaceon,Ice,Ice,#N/A,525,65,60,110,130,95,65,4,FALSE,FALSE,TRUE
472,Gliscor,Ground Flying,Ground,Flying,510,75,95,125,45,75,95,4,FALSE,FALSE,TRUE
473,Mamoswine,Ice Ground,Ice,Ground,530,110,130,80,70,60,80,4,FALSE,FALSE,TRUE
474,Porygon-Z,Normal,Normal,#N/A,535,85,80,70,135,75,90,4,FALSE,FALSE,TRUE
475,Gallade,Psychic Fighting,Psychic,Fighting,518,68,125,65,65,115,80,4,FALSE,FALSE,TRUE
475,Mega Gallade,Psychic Fighting,Psychic,Fighting,618,68,165,95,65,115,110,4,FALSE,TRUE,TRUE
476,Probopass,Rock Steel,Rock,Steel,525,60,55,145,75,150,40,4,FALSE,FALSE,TRUE
477,Dusknoir,Ghost,Ghost,#N/A,525,45,100,135,65,135,45,4,FALSE,FALSE,TRUE
478,Froslass,Ice Ghost,Ice,Ghost,480,70,80,70,80,70,110,4,FALSE,FALSE,TRUE
479,Rotom,Electric Ghost,Electric,Ghost,440,50,50,77,95,77,91,4,FALSE,FALSE,TRUE
479,Rotom Heat,Electric Fire,Electric,Fire,520,50,65,107,105,107,86,4,FALSE,FALSE,TRUE
479,Rotom Wash,Electric Water,Electric,Water,520,50,65,107,105,107,86,4,FALSE,FALSE,TRUE
479,Rotom Frost,Electric Ice,Electric,Ice,520,50,65,107,105,107,86,4,FALSE,FALSE,TRUE
479,Rotom Fan,Electric Flying,Electric,Flying,520,50,65,107,105,107,86,4,FALSE,FALSE,TRUE
479,Rotom Mow,Electric Grass,Electric,Grass,520,50,65,107,105,107,86,4,FALSE,FALSE,TRUE
480,Uxie,Psychic,Psychic,#N/A,580,75,75,130,75,130,95,4,TRUE,FALSE,TRUE
481,Mesprit,Psychic,Psychic,#N/A,580,80,105,105,105,105,80,4,TRUE,FALSE,TRUE
482,Azelf,Psychic,Psychic,#N/A,580,75,125,70,125,70,115,4,TRUE,FALSE,TRUE
483,Dialga,Steel Dragon,Steel,Dragon,680,100,120,120,150,100,90,4,TRUE,FALSE,TRUE
484,Palkia,Water Dragon,Water,Dragon,680,90,120,100,150,120,100,4,TRUE,FALSE,TRUE
485,Heatran,Fire Steel,Fire,Steel,600,91,90,106,130,106,77,4,TRUE,FALSE,TRUE
486,Regigigas,Normal,Normal,#N/A,670,110,160,110,80,110,100,4,TRUE,FALSE,TRUE
487,Giratina Altered Forme,Ghost Dragon,Ghost,Dragon,680,150,100,120,100,120,90,4,TRUE,FALSE,TRUE
487,Giratina Origin Forme,Ghost Dragon,Ghost,Dragon,680,150,120,100,120,100,90,4,TRUE,FALSE,TRUE
488,Cresselia,Psychic,Psychic,#N/A,600,120,70,120,75,130,85,4,FALSE,FALSE,TRUE
489,Phione,Water,Water,#N/A,480,80,80,80,80,80,80,4,FALSE,FALSE,TRUE
490,Manaphy,Water,Water,#N/A,600,100,100,100,100,100,100,4,FALSE,FALSE,TRUE
491,Darkrai,Dark,Dark,#N/A,600,70,90,90,135,90,125,4,TRUE,FALSE,TRUE
492,Shaymin Land Forme,Grass,Grass,#N/A,600,100,100,100,100,100,100,4,TRUE,FALSE,TRUE
492,Shaymin Sky Forme,Grass Flying,Grass,Flying,600,100,103,75,120,75,127,4,TRUE,FALSE,TRUE
493,Arceus,Normal,Normal,#N/A,720,120,120,120,120,120,120,4,TRUE,FALSE,TRUE
494,Victini,Psychic Fire,Psychic,Fire,600,100,100,100,100,100,100,5,TRUE,FALSE,TRUE
495,Snivy,Grass,Grass,#N/A,308,45,45,55,45,55,63,5,FALSE,FALSE,FALSE
496,Servine,Grass,Grass,#N/A,413,60,60,75,60,75,83,5,FALSE,FALSE,FALSE
497,Serperior,Grass,Grass,#N/A,528,75,75,95,75,95,113,5,FALSE,FALSE,TRUE
498,Tepig,Fire,Fire,#N/A,308,65,63,45,45,45,45,5,FALSE,FALSE,FALSE
499,Pignite,Fire Fighting,Fire,Fighting,418,90,93,55,70,55,55,5,FALSE,FALSE,FALSE
500,Emboar,Fire Fighting,Fire,Fighting,528,110,123,65,100,65,65,5,FALSE,FALSE,TRUE
501,Oshawott,Water,Water,#N/A,308,55,55,45,63,45,45,5,FALSE,FALSE,FALSE
502,Dewott,Water,Water,#N/A,413,75,75,60,83,60,60,5,FALSE,FALSE,FALSE
503,Samurott,Water,Water,#N/A,528,95,100,85,108,70,70,5,FALSE,FALSE,TRUE
504,Patrat,Normal,Normal,#N/A,255,45,55,39,35,39,42,5,FALSE,FALSE,FALSE
505,Watchog,Normal,Normal,#N/A,420,60,85,69,60,69,77,5,FALSE,FALSE,TRUE
506,Lillipup,Normal,Normal,#N/A,275,45,60,45,25,45,55,5,FALSE,FALSE,FALSE
507,Herdier,Normal,Normal,#N/A,370,65,80,65,35,65,60,5,FALSE,FALSE,FALSE
508,Stoutland,Normal,Normal,#N/A,500,85,110,90,45,90,80,5,FALSE,FALSE,TRUE
509,Purrloin,Dark,Dark,#N/A,281,41,50,37,50,37,66,5,FALSE,FALSE,FALSE
510,Liepard,Dark,Dark,#N/A,446,64,88,50,88,50,106,5,FALSE,FALSE,TRUE
511,Pansage,Grass,Grass,#N/A,316,50,53,48,53,48,64,5,FALSE,FALSE,FALSE
512,Simisage,Grass,Grass,#N/A,498,75,98,63,98,63,101,5,FALSE,FALSE,TRUE
513,Pansear,Fire,Fire,#N/A,316,50,53,48,53,48,64,5,FALSE,FALSE,FALSE
514,Simisear,Fire,Fire,#N/A,498,75,98,63,98,63,101,5,FALSE,FALSE,TRUE
515,Panpour,Water,Water,#N/A,316,50,53,48,53,48,64,5,FALSE,FALSE,FALSE
516,Simipour,Water,Water,#N/A,498,75,98,63,98,63,101,5,FALSE,FALSE,TRUE
517,Munna,Psychic,Psychic,#N/A,292,76,25,45,67,55,24,5,FALSE,FALSE,FALSE
518,Musharna,Psychic,Psychic,#N/A,487,116,55,85,107,95,29,5,FALSE,FALSE,TRUE
519,Pidove,Normal Flying,Normal,Flying,264,50,55,50,36,30,43,5,FALSE,FALSE,FALSE
520,Tranquill,Normal Flying,Normal,Flying,358,62,77,62,50,42,65,5,FALSE,FALSE,FALSE
521,Unfezant,Normal Flying,Normal,Flying,488,80,115,80,65,55,93,5,FALSE,FALSE,TRUE
522,Blitzle,Electric,Electric,#N/A,295,45,60,32,50,32,76,5,FALSE,FALSE,FALSE
523,Zebstrika,Electric,Electric,#N/A,497,75,100,63,80,63,116,5,FALSE,FALSE,TRUE
524,Roggenrola,Rock,Rock,#N/A,280,55,75,85,25,25,15,5,FALSE,FALSE,FALSE
525,Boldore,Rock,Rock,#N/A,390,70,105,105,50,40,20,5,FALSE,FALSE,FALSE
526,Gigalith,Rock,Rock,#N/A,515,85,135,130,60,80,25,5,FALSE,FALSE,TRUE
527,Woobat,Psychic Flying,Psychic,Flying,313,55,45,43,55,43,72,5,FALSE,FALSE,FALSE
528,Swoobat,Psychic Flying,Psychic,Flying,425,67,57,55,77,55,114,5,FALSE,FALSE,TRUE
529,Drilbur,Ground,Ground,#N/A,328,60,85,40,30,45,68,5,FALSE,FALSE,FALSE
530,Excadrill,Ground Steel,Ground,Steel,508,110,135,60,50,65,88,5,FALSE,FALSE,TRUE
531,Audino,Normal,Normal,#N/A,445,103,60,86,60,86,50,5,FALSE,FALSE,TRUE
531,Mega Audino,Normal Fairy,Normal,Fairy,545,103,60,126,80,126,50,5,FALSE,TRUE,TRUE
532,Timburr,Fighting,Fighting,#N/A,305,75,80,55,25,35,35,5,FALSE,FALSE,FALSE
533,Gurdurr,Fighting,Fighting,#N/A,405,85,105,85,40,50,40,5,FALSE,FALSE,FALSE
534,Conkeldurr,Fighting,Fighting,#N/A,505,105,140,95,55,65,45,5,FALSE,FALSE,TRUE
535,Tympole,Water,Water,#N/A,294,50,50,40,50,40,64,5,FALSE,FALSE,FALSE
536,Palpitoad,Water Ground,Water,Ground,384,75,65,55,65,55,69,5,FALSE,FALSE,FALSE
537,Seismitoad,Water Ground,Water,Ground,509,105,95,75,85,75,74,5,FALSE,FALSE,TRUE
538,Throh,Fighting,Fighting,#N/A,465,120,100,85,30,85,45,5,FALSE,FALSE,TRUE
539,Sawk,Fighting,Fighting,#N/A,465,75,125,75,30,75,85,5,FALSE,FALSE,TRUE
540,Sewaddle,Bug Grass,Bug,Grass,310,45,53,70,40,60,42,5,FALSE,FALSE,FALSE
541,Swadloon,Bug Grass,Bug,Grass,380,55,63,90,50,80,42,5,FALSE,FALSE,FALSE
542,Leavanny,Bug Grass,Bug,Grass,500,75,103,80,70,80,92,5,FALSE,FALSE,TRUE
543,Venipede,Bug Poison,Bug,Poison,260,30,45,59,30,39,57,5,FALSE,FALSE,FALSE
544,Whirlipede,Bug Poison,Bug,Poison,360,40,55,99,40,79,47,5,FALSE,FALSE,FALSE
545,Scolipede,Bug Poison,Bug,Poison,485,60,100,89,55,69,112,5,FALSE,FALSE,TRUE
546,Cottonee,Grass Fairy,Grass,Fairy,280,40,27,60,37,50,66,5,FALSE,FALSE,FALSE
547,Whimsicott,Grass Fairy,Grass,Fairy,480,60,67,85,77,75,116,5,FALSE,FALSE,TRUE
548,Petilil,Grass,Grass,#N/A,280,45,35,50,70,50,30,5,FALSE,FALSE,FALSE
549,Lilligant,Grass,Grass,#N/A,480,70,60,75,110,75,90,5,FALSE,FALSE,TRUE
550,Basculin,Water,Water,#N/A,460,70,92,65,80,55,98,5,FALSE,FALSE,TRUE
551,Sandile,Ground Dark,Ground,Dark,292,50,72,35,35,35,65,5,FALSE,FALSE,FALSE
552,Krokorok,Ground Dark,Ground,Dark,351,60,82,45,45,45,74,5,FALSE,FALSE,FALSE
553,Krookodile,Ground Dark,Ground,Dark,519,95,117,80,65,70,92,5,FALSE,FALSE,TRUE
554,Darumaka,Fire,Fire,#N/A,315,70,90,45,15,45,50,5,FALSE,FALSE,FALSE
555,Darmanitan Standard Mode,Fire,Fire,#N/A,480,105,140,55,30,55,95,5,FALSE,FALSE,TRUE
555,Darmanitan Zen Mode,Fire Psychic,Fire,Psychic,540,105,30,105,140,105,55,5,FALSE,FALSE,TRUE
556,Maractus,Grass,Grass,#N/A,461,75,86,67,106,67,60,5,FALSE,FALSE,TRUE
557,Dwebble,Bug Rock,Bug,Rock,325,50,65,85,35,35,55,5,FALSE,FALSE,FALSE
558,Crustle,Bug Rock,Bug,Rock,475,70,95,125,65,75,45,5,FALSE,FALSE,TRUE
559,Scraggy,Dark Fighting,Dark,Fighting,348,50,75,70,35,70,48,5,FALSE,FALSE,FALSE
560,Scrafty,Dark Fighting,Dark,Fighting,488,65,90,115,45,115,58,5,FALSE,FALSE,TRUE
561,Sigilyph,Psychic Flying,Psychic,Flying,490,72,58,80,103,80,97,5,FALSE,FALSE,TRUE
562,Yamask,Ghost,Ghost,#N/A,303,38,30,85,55,65,30,5,FALSE,FALSE,FALSE
563,Cofagrigus,Ghost,Ghost,#N/A,483,58,50,145,95,105,30,5,FALSE,FALSE,TRUE
564,Tirtouga,Water Rock,Water,Rock,355,54,78,103,53,45,22,5,FALSE,FALSE,FALSE
565,Carracosta,Water Rock,Water,Rock,495,74,108,133,83,65,32,5,FALSE,FALSE,TRUE
566,Archen,Rock Flying,Rock,Flying,401,55,112,45,74,45,70,5,FALSE,FALSE,FALSE
567,Archeops,Rock Flying,Rock,Flying,567,75,140,65,112,65,110,5,FALSE,FALSE,TRUE
568,Trubbish,Poison,Poison,#N/A,329,50,50,62,40,62,65,5,FALSE,FALSE,FALSE
569,Garbodor,Poison,Poison,#N/A,474,80,95,82,60,82,75,5,FALSE,FALSE,TRUE
570,Zorua,Dark,Dark,#N/A,330,40,65,40,80,40,65,5,FALSE,FALSE,FALSE
571,Zoroark,Dark,Dark,#N/A,510,60,105,60,120,60,105,5,FALSE,FALSE,TRUE
572,Minccino,Normal,Normal,#N/A,300,55,50,40,40,40,75,5,FALSE,FALSE,FALSE
573,Cinccino,Normal,Normal,#N/A,470,75,95,60,65,60,115,5,FALSE,FALSE,TRUE
574,Gothita,Psychic,Psychic,#N/A,290,45,30,50,55,65,45,5,FALSE,FALSE,FALSE
575,Gothorita,Psychic,Psychic,#N/A,390,60,45,70,75,85,55,5,FALSE,FALSE,FALSE
576,Gothitelle,Psychic,Psychic,#N/A,490,70,55,95,95,110,65,5,FALSE,FALSE,TRUE
577,Solosis,Psychic,Psychic,#N/A,290,45,30,40,105,50,20,5,FALSE,FALSE,FALSE
578,Duosion,Psychic,Psychic,#N/A,370,65,40,50,125,60,30,5,FALSE,FALSE,FALSE
579,Reuniclus,Psychic,Psychic,#N/A,490,110,65,75,125,85,30,5,FALSE,FALSE,TRUE
580,Ducklett,Water Flying,Water,Flying,305,62,44,50,44,50,55,5,FALSE,FALSE,FALSE
581,Swanna,Water Flying,Water,Flying,473,75,87,63,87,63,98,5,FALSE,FALSE,TRUE
582,Vanillite,Ice,Ice,#N/A,305,36,50,50,65,60,44,5,FALSE,FALSE,FALSE
583,Vanillish,Ice,Ice,#N/A,395,51,65,65,80,75,59,5,FALSE,FALSE,FALSE
584,Vanilluxe,Ice,Ice,#N/A,535,71,95,85,110,95,79,5,FALSE,FALSE,TRUE
585,Deerling,Normal Grass,Normal,Grass,335,60,60,50,40,50,75,5,FALSE,FALSE,FALSE
586,Sawsbuck,Normal Grass,Normal,Grass,475,80,100,70,60,70,95,5,FALSE,FALSE,TRUE
587,Emolga,Electric Flying,Electric,Flying,428,55,75,60,75,60,103,5,FALSE,FALSE,TRUE
588,Karrablast,Bug,Bug,#N/A,315,50,75,45,40,45,60,5,FALSE,FALSE,FALSE
589,Escavalier,Bug Steel,Bug,Steel,495,70,135,105,60,105,20,5,FALSE,FALSE,TRUE
590,Foongus,Grass Poison,Grass,Poison,294,69,55,45,55,55,15,5,FALSE,FALSE,FALSE
591,Amoonguss,Grass Poison,Grass,Poison,464,114,85,70,85,80,30,5,FALSE,FALSE,TRUE
592,Frillish,Water Ghost,Water,Ghost,335,55,40,50,65,85,40,5,FALSE,FALSE,FALSE
593,Jellicent,Water Ghost,Water,Ghost,480,100,60,70,85,105,60,5,FALSE,FALSE,TRUE
594,Alomomola,Water,Water,#N/A,470,165,75,80,40,45,65,5,FALSE,FALSE,TRUE
595,Joltik,Bug Electric,Bug,Electric,319,50,47,50,57,50,65,5,FALSE,FALSE,FALSE
596,Galvantula,Bug Electric,Bug,Electric,472,70,77,60,97,60,108,5,FALSE,FALSE,TRUE
597,Ferroseed,Grass Steel,Grass,Steel,305,44,50,91,24,86,10,5,FALSE,FALSE,FALSE
598,Ferrothorn,Grass Steel,Grass,Steel,489,74,94,131,54,116,20,5,FALSE,FALSE,TRUE
599,Klink,Steel,Steel,#N/A,300,40,55,70,45,60,30,5,FALSE,FALSE,FALSE
600,Klang,Steel,Steel,#N/A,440,60,80,95,70,85,50,5,FALSE,FALSE,FALSE
601,Klinklang,Steel,Steel,#N/A,520,60,100,115,70,85,90,5,FALSE,FALSE,TRUE
602,Tynamo,Electric,Electric,#N/A,275,35,55,40,45,40,60,5,FALSE,FALSE,FALSE
603,Eelektrik,Electric,Electric,#N/A,405,65,85,70,75,70,40,5,FALSE,FALSE,FALSE
604,Eelektross,Electric,Electric,#N/A,515,85,115,80,105,80,50,5,FALSE,FALSE,TRUE
605,Elgyem,Psychic,Psychic,#N/A,335,55,55,55,85,55,30,5,FALSE,FALSE,FALSE
606,Beheeyem,Psychic,Psychic,#N/A,485,75,75,75,125,95,40,5,FALSE,FALSE,TRUE
607,Litwick,Ghost Fire,Ghost,Fire,275,50,30,55,65,55,20,5,FALSE,FALSE,FALSE
608,Lampent,Ghost Fire,Ghost,Fire,370,60,40,60,95,60,55,5,FALSE,FALSE,FALSE
609,Chandelure,Ghost Fire,Ghost,Fire,520,60,55,90,145,90,80,5,FALSE,FALSE,TRUE
610,Axew,Dragon,Dragon,#N/A,320,46,87,60,30,40,57,5,FALSE,FALSE,FALSE
611,Fraxure,Dragon,Dragon,#N/A,410,66,117,70,40,50,67,5,FALSE,FALSE,FALSE
612,Haxorus,Dragon,Dragon,#N/A,540,76,147,90,60,70,97,5,FALSE,FALSE,TRUE
613,Cubchoo,Ice,Ice,#N/A,305,55,70,40,60,40,40,5,FALSE,FALSE,FALSE
614,Beartic,Ice,Ice,#N/A,485,95,110,80,70,80,50,5,FALSE,FALSE,TRUE
615,Cryogonal,Ice,Ice,#N/A,485,70,50,30,95,135,105,5,FALSE,FALSE,TRUE
616,Shelmet,Bug,Bug,#N/A,305,50,40,85,40,65,25,5,FALSE,FALSE,FALSE
617,Accelgor,Bug,Bug,#N/A,495,80,70,40,100,60,145,5,FALSE,FALSE,TRUE
618,Stunfisk,Ground Electric,Ground,Electric,471,109,66,84,81,99,32,5,FALSE,FALSE,TRUE
619,Mienfoo,Fighting,Fighting,#N/A,350,45,85,50,55,50,65,5,FALSE,FALSE,FALSE
620,Mienshao,Fighting,Fighting,#N/A,510,65,125,60,95,60,105,5,FALSE,FALSE,TRUE
621,Druddigon,Dragon,Dragon,#N/A,485,77,120,90,60,90,48,5,FALSE,FALSE,TRUE
622,Golett,Ground Ghost,Ground,Ghost,303,59,74,50,35,50,35,5,FALSE,FALSE,FALSE
623,Golurk,Ground Ghost,Ground,Ghost,483,89,124,80,55,80,55,5,FALSE,FALSE,TRUE
624,Pawniard,Dark Steel,Dark,Steel,340,45,85,70,40,40,60,5,FALSE,FALSE,FALSE
625,Bisharp,Dark Steel,Dark,Steel,490,65,125,100,60,70,70,5,FALSE,FALSE,TRUE
626,Bouffalant,Normal,Normal,#N/A,490,95,110,95,40,95,55,5,FALSE,FALSE,TRUE
627,Rufflet,Normal Flying,Normal,Flying,350,70,83,50,37,50,60,5,FALSE,FALSE,FALSE
628,Braviary,Normal Flying,Normal,Flying,510,100,123,75,57,75,80,5,FALSE,FALSE,TRUE
629,Vullaby,Dark Flying,Dark,Flying,370,70,55,75,45,65,60,5,FALSE,FALSE,FALSE
630,Mandibuzz,Dark Flying,Dark,Flying,510,110,65,105,55,95,80,5,FALSE,FALSE,TRUE
631,Heatmor,Fire,Fire,#N/A,484,85,97,66,105,66,65,5,FALSE,FALSE,TRUE
632,Durant,Bug Steel,Bug,Steel,484,58,109,112,48,48,109,5,FALSE,FALSE,TRUE
633,Deino,Dark Dragon,Dark,Dragon,300,52,65,50,45,50,38,5,FALSE,FALSE,FALSE
634,Zweilous,Dark Dragon,Dark,Dragon,420,72,85,70,65,70,58,5,FALSE,FALSE,FALSE
635,Hydreigon,Dark Dragon,Dark,Dragon,600,92,105,90,125,90,98,5,FALSE,FALSE,TRUE
636,Larvesta,Bug Fire,Bug,Fire,360,55,85,55,50,55,60,5,FALSE,FALSE,FALSE
637,Volcarona,Bug Fire,Bug,Fire,550,85,60,65,135,105,100,5,FALSE,FALSE,TRUE
638,Cobalion,Steel Fighting,Steel,Fighting,580,91,90,129,90,72,108,5,TRUE,FALSE,TRUE
639,Terrakion,Rock Fighting,Rock,Fighting,580,91,129,90,72,90,108,5,TRUE,FALSE,TRUE
640,Virizion,Grass Fighting,Grass,Fighting,580,91,90,72,90,129,108,5,TRUE,FALSE,TRUE
641,Tornadus Incarnate Forme,Flying,Flying,#N/A,580,79,115,70,125,80,111,5,TRUE,FALSE,TRUE
641,Tornadus Therian Forme,Flying,Flying,#N/A,580,79,100,80,110,90,121,5,TRUE,FALSE,TRUE
642,Thundurus Incarnate Forme,Electric Flying,Electric,Flying,580,79,115,70,125,80,111,5,TRUE,FALSE,TRUE
642,Thundurus Therian Forme,Electric Flying,Electric,Flying,580,79,105,70,145,80,101,5,TRUE,FALSE,TRUE
643,Reshiram,Dragon Fire,Dragon,Fire,680,100,120,100,150,120,90,5,TRUE,FALSE,TRUE
644,Zekrom,Dragon Electric,Dragon,Electric,680,100,150,120,120,100,90,5,TRUE,FALSE,TRUE
645,Landorus Incarnate Forme,Ground Flying,Ground,Flying,600,89,125,90,115,80,101,5,TRUE,FALSE,TRUE
645,Landorus Therian Forme,Ground Flying,Ground,Flying,600,89,145,90,105,80,91,5,TRUE,FALSE,TRUE
646,Kyurem,Dragon Ice,Dragon,Ice,660,125,130,90,130,90,95,5,TRUE,FALSE,TRUE
646,Black Kyurem,Dragon Ice,Dragon,Ice,700,125,170,100,120,90,95,5,TRUE,FALSE,TRUE
646,White Kyurem,Dragon Ice,Dragon,Ice,700,125,120,90,170,100,95,5,TRUE,FALSE,TRUE
647,Ordinary Forme,Water Fighting,Water,Fighting,580,91,72,90,129,90,108,5,FALSE,FALSE,TRUE
647,Resolute Forme,Water Fighting,Water,Fighting,580,91,72,90,129,90,108,5,FALSE,FALSE,TRUE
648,Meloetta Aria Forme,Normal Psychic,Normal,Psychic,600,100,77,77,128,128,90,5,FALSE,FALSE,TRUE
648,Meloetta Pirouette Forme,Normal Fighting,Normal,Fighting,600,100,128,90,77,77,128,5,FALSE,FALSE,TRUE
649,Genesect,Bug Steel,Bug,Steel,600,71,120,95,120,95,99,5,FALSE,FALSE,TRUE
650,Chespin,Grass,Grass,#N/A,313,56,61,65,48,45,38,6,FALSE,FALSE,FALSE
651,Quilladin,Grass,Grass,#N/A,405,61,78,95,56,58,57,6,FALSE,FALSE,FALSE
652,Chesnaught,Grass Fighting,Grass,Fighting,530,88,107,122,74,75,64,6,FALSE,FALSE,TRUE
653,Fennekin,Fire,Fire,#N/A,307,40,45,40,62,60,60,6,FALSE,FALSE,FALSE
654,Braixen,Fire,Fire,#N/A,409,59,59,58,90,70,73,6,FALSE,FALSE,FALSE
655,Delphox,Fire Psychic,Fire,Psychic,534,75,69,72,114,100,104,6,FALSE,FALSE,TRUE
656,Froakie,Water,Water,#N/A,314,41,56,40,62,44,71,6,FALSE,FALSE,FALSE
657,Frogadier,Water,Water,#N/A,405,54,63,52,83,56,97,6,FALSE,FALSE,FALSE
658,Greninja,Water Dark,Water,Dark,530,72,95,67,103,71,122,6,FALSE,FALSE,TRUE
659,Bunnelby,Normal,Normal,#N/A,237,38,36,38,32,36,57,6,FALSE,FALSE,FALSE
660,Diggersby,Normal Ground,Normal,Ground,423,85,56,77,50,77,78,6,FALSE,FALSE,TRUE
661,Fletchling,Normal Flying,Normal,Flying,278,45,50,43,40,38,62,6,FALSE,FALSE,FALSE
662,Fletchinder,Fire Flying,Fire,Flying,382,62,73,55,56,52,84,6,FALSE,FALSE,FALSE
663,Talonflame,Fire Flying,Fire,Flying,499,78,81,71,74,69,126,6,FALSE,FALSE,TRUE
664,Scatterbug,Bug,Bug,#N/A,200,38,35,40,27,25,35,6,FALSE,FALSE,FALSE
665,Spewpa,Bug,Bug,#N/A,213,45,22,60,27,30,29,6,FALSE,FALSE,FALSE
666,Vivillon,Bug Flying,Bug,Flying,411,80,52,50,90,50,89,6,FALSE,FALSE,TRUE
667,Litleo,Fire Normal,Fire,Normal,369,62,50,58,73,54,72,6,FALSE,FALSE,FALSE
668,Pyroar,Fire Normal,Fire,Normal,507,86,68,72,109,66,106,6,FALSE,FALSE,TRUE
669,Flabb,Fairy,Fairy,#N/A,303,44,38,39,61,79,42,6,FALSE,FALSE,FALSE
670,Floette,Fairy,Fairy,#N/A,371,54,45,47,75,98,52,6,FALSE,FALSE,FALSE
671,Florges,Fairy,Fairy,#N/A,552,78,65,68,112,154,75,6,FALSE,FALSE,TRUE
672,Skiddo,Grass,Grass,#N/A,350,66,65,48,62,57,52,6,FALSE,FALSE,FALSE
673,Gogoat,Grass,Grass,#N/A,531,123,100,62,97,81,68,6,FALSE,FALSE,TRUE
674,Pancham,Fighting,Fighting,#N/A,348,67,82,62,46,48,43,6,FALSE,FALSE,FALSE
675,Pangoro,Fighting Dark,Fighting,Dark,495,95,124,78,69,71,58,6,FALSE,FALSE,TRUE
676,Furfrou,Normal,Normal,#N/A,472,75,80,60,65,90,102,6,FALSE,FALSE,TRUE
677,Espurr,Psychic,Psychic,#N/A,355,62,48,54,63,60,68,6,FALSE,FALSE,FALSE
678,Meowstic Male,Psychic,Psychic,#N/A,466,74,48,76,83,81,104,6,FALSE,FALSE,TRUE
678,Meowstic Female,Psychic,Psychic,#N/A,466,74,48,76,83,81,104,6,FALSE,FALSE,TRUE
679,Honedge,Steel Ghost,Steel,Ghost,325,45,80,100,35,37,28,6,FALSE,FALSE,FALSE
680,Doublade,Steel Ghost,Steel,Ghost,448,59,110,150,45,49,35,6,FALSE,FALSE,FALSE
681,Aegislash Blade Forme,Steel Ghost,Steel,Ghost,520,60,150,50,150,50,60,6,FALSE,FALSE,TRUE
681,Aegislash Shield Forme,Steel Ghost,Steel,Ghost,520,60,50,150,50,150,60,6,FALSE,FALSE,TRUE
682,Spritzee,Fairy,Fairy,#N/A,341,78,52,60,63,65,23,6,FALSE,FALSE,FALSE
683,Aromatisse,Fairy,Fairy,#N/A,462,101,72,72,99,89,29,6,FALSE,FALSE,TRUE
684,Swirlix,Fairy,Fairy,#N/A,341,62,48,66,59,57,49,6,FALSE,FALSE,FALSE
685,Slurpuff,Fairy,Fairy,#N/A,480,82,80,86,85,75,72,6,FALSE,FALSE,TRUE
686,Inkay,Dark Psychic,Dark,Psychic,288,53,54,53,37,46,45,6,FALSE,FALSE,FALSE
687,Malamar,Dark Psychic,Dark,Psychic,482,86,92,88,68,75,73,6,FALSE,FALSE,TRUE
688,Binacle,Rock Water,Rock,Water,306,42,52,67,39,56,50,6,FALSE,FALSE,FALSE
689,Barbaracle,Rock Water,Rock,Water,500,72,105,115,54,86,68,6,FALSE,FALSE,TRUE
690,Skrelp,Poison Water,Poison,Water,320,50,60,60,60,60,30,6,FALSE,FALSE,FALSE
691,Dragalge,Poison Dragon,Poison,Dragon,494,65,75,90,97,123,44,6,FALSE,FALSE,TRUE
692,Clauncher,Water,Water,#N/A,330,50,53,62,58,63,44,6,FALSE,FALSE,FALSE
693,Clawitzer,Water,Water,#N/A,500,71,73,88,120,89,59,6,FALSE,FALSE,TRUE
694,Helioptile,Electric Normal,Electric,Normal,289,44,38,33,61,43,70,6,FALSE,FALSE,FALSE
695,Heliolisk,Electric Normal,Electric,Normal,481,62,55,52,109,94,109,6,FALSE,FALSE,TRUE
696,Tyrunt,Rock Dragon,Rock,Dragon,362,58,89,77,45,45,48,6,FALSE,FALSE,FALSE
697,Tyrantrum,Rock Dragon,Rock,Dragon,521,82,121,119,69,59,71,6,FALSE,FALSE,TRUE
698,Amaura,Rock Ice,Rock,Ice,362,77,59,50,67,63,46,6,FALSE,FALSE,FALSE
699,Aurorus,Rock Ice,Rock,Ice,521,123,77,72,99,92,58,6,FALSE,FALSE,TRUE
700,Sylveon,Fairy,Fairy,#N/A,525,95,65,65,110,130,60,6,FALSE,FALSE,TRUE
701,Hawlucha,Fighting Flying,Fighting,Flying,500,78,92,75,74,63,118,6,FALSE,FALSE,TRUE
702,Dedenne,Electric Fairy,Electric,Fairy,431,67,58,57,81,67,101,6,FALSE,FALSE,TRUE
703,Carbink,Rock Fairy,Rock,Fairy,500,50,50,150,50,150,50,6,FALSE,FALSE,TRUE
704,Goomy,Dragon,Dragon,#N/A,300,45,50,35,55,75,40,6,FALSE,FALSE,FALSE
705,Sliggoo,Dragon,Dragon,#N/A,452,68,75,53,83,113,60,6,FALSE,FALSE,FALSE
706,Goodra,Dragon,Dragon,#N/A,600,90,100,70,110,150,80,6,FALSE,FALSE,TRUE
707,Klefki,Steel Fairy,Steel,Fairy,470,57,80,91,80,87,75,6,FALSE,FALSE,TRUE
708,Phantump,Ghost Grass,Ghost,Grass,309,43,70,48,50,60,38,6,FALSE,FALSE,FALSE
709,Trevenant,Ghost Grass,Ghost,Grass,474,85,110,76,65,82,56,6,FALSE,FALSE,TRUE
710,Pumpkaboo Average Size,Ghost Grass,Ghost,Grass,335,49,66,70,44,55,51,6,FALSE,FALSE,FALSE
710,Pumpkaboo Small Size,Ghost Grass,Ghost,Grass,335,44,66,70,44,55,56,6,FALSE,FALSE,FALSE
710,Pumpkaboo Large Size,Ghost Grass,Ghost,Grass,335,54,66,70,44,55,46,6,FALSE,FALSE,FALSE
710,Pumpkaboo Super Size,Ghost Grass,Ghost,Grass,335,59,66,70,44,55,41,6,FALSE,FALSE,FALSE
711,Gourgeist Average Size,Ghost Grass,Ghost,Grass,494,65,90,122,58,75,84,6,FALSE,FALSE,TRUE
711,Gourgeist Small Size,Ghost Grass,Ghost,Grass,494,55,85,122,58,75,99,6,FALSE,FALSE,TRUE
711,Gourgeist Large Size,Ghost Grass,Ghost,Grass,494,75,95,122,58,75,69,6,FALSE,FALSE,TRUE
711,Gourgeist Super Size,Ghost Grass,Ghost,Grass,494,85,100,122,58,75,54,6,FALSE,FALSE,TRUE
712,Bergmite,Ice,Ice,#N/A,304,55,69,85,32,35,28,6,FALSE,FALSE,FALSE
713,Avalugg,Ice,Ice,#N/A,514,95,117,184,44,46,28,6,FALSE,FALSE,TRUE
714,Noibat,Flying Dragon,Flying,Dragon,245,40,30,35,45,40,55,6,FALSE,FALSE,FALSE
715,Noivern,Flying Dragon,Flying,Dragon,535,85,70,80,97,80,123,6,FALSE,FALSE,TRUE
716,Xerneas,Fairy,Fairy,#N/A,680,126,131,95,131,98,99,6,TRUE,FALSE,TRUE
717,Yveltal,Dark Flying,Dark,Flying,680,126,131,95,131,98,99,6,TRUE,FALSE,TRUE
718,Zygarde 50% Forme,Dragon Ground,Dragon,Ground,600,108,100,121,81,95,95,6,TRUE,FALSE,TRUE
719,Diancie,Rock Fairy,Rock,Fairy,600,50,100,150,100,150,50,6,TRUE,FALSE,TRUE
719,Mega Diancie,Rock Fairy,Rock,Fairy,700,50,160,110,160,110,110,6,TRUE,TRUE,TRUE
720,Hoopa Confined,Psychic Ghost,Psychic,Ghost,600,80,110,60,150,130,70,6,TRUE,FALSE,TRUE
720,Hoopa Unbound,Psychic Dark,Psychic,Dark,680,80,160,60,170,130,80,6,TRUE,FALSE,TRUE
721,Volcanion,Fire Water,Fire,Water,600,80,110,120,130,90,70,6,TRUE,FALSE,TRUE
722,Rowlet,Grass Flying,Grass,Flying,320,68,55,55,50,50,42,7,FALSE,FALSE,FALSE
723,Dartrix,Grass Flying,Grass,Flying,420,78,75,75,70,70,52,7,FALSE,FALSE,FALSE
724,Decidueye,Grass Ghost,Grass,Ghost,530,78,107,75,100,100,70,7,FALSE,FALSE,TRUE
725,Litten,Fire,Fire,#N/A,320,45,65,40,60,40,70,7,FALSE,FALSE,FALSE
726,Torracat,Fire,Fire,#N/A,420,65,85,50,80,50,90,7,FALSE,FALSE,FALSE
727,Incineroar,Fire Dark,Fire,Dark,530,95,115,90,80,90,60,7,FALSE,FALSE,TRUE
728,Popolio,Water,Water,#N/A,320,50,54,54,66,56,40,7,FALSE,FALSE,FALSE
729,Brionne,Water,Water,#N/A,420,60,69,69,91,81,50,7,FALSE,FALSE,FALSE
730,Primarina,Water Fairy,Water,Fairy,530,80,74,74,126,116,60,7,FALSE,FALSE,TRUE
731,Pikipek,Normal Flying,Normal,Flying,265,35,75,30,30,30,65,7,FALSE,FALSE,FALSE
732,Trumbeak,Normal Flying,Normal,Flying,355,55,85,50,40,50,75,7,FALSE,FALSE,FALSE
733,Toucannon,Normal Flying,Normal,Flying,485,80,120,75,75,75,60,7,FALSE,FALSE,TRUE
734,Yungoos,Normal,Normal,#N/A,253,48,70,30,30,30,45,7,FALSE,FALSE,FALSE
735,Gumshoos,Normal,Normal,#N/A,418,88,110,60,55,60,45,7,FALSE,FALSE,TRUE
736,Grubbin,Bug,Bug,#N/A,300,47,62,45,55,45,46,7,FALSE,FALSE,FALSE
737,Charjabug,Bug Electric,Bug,Electric,400,57,82,95,55,75,36,7,FALSE,FALSE,FALSE
738,Vikavolt,Bug Electric,Bug,Electric,500,77,70,90,145,75,43,7,FALSE,FALSE,TRUE
739,Crabrawler,Fighting,Fighting,#N/A,338,47,82,57,42,47,63,7,FALSE,FALSE,FALSE
740,Crabominable,Fighting Ice,Fighting,Ice,478,97,132,77,62,67,43,7,FALSE,FALSE,TRUE
741,Oricorio Baile Style,Fire Flying,Fire,Flying,476,75,70,70,98,70,93,7,FALSE,FALSE,TRUE
741,Oricorio Pom-Pom Style,Electric Flying,Electric,Flying,476,75,70,70,98,70,93,7,FALSE,FALSE,TRUE
741,Oricorio Pa'u Style,Psychic Flying,Psychic,Flying,476,75,70,70,98,70,93,7,FALSE,FALSE,TRUE
742,Cutiefly,Bug Fairy,Bug,Fairy,304,40,45,40,55,40,84,7,FALSE,FALSE,FALSE
743,Riombee,Bug Fairy,Bug,Fairy,464,60,55,60,95,70,124,7,FALSE,FALSE,TRUE
744,Rockruff,Rock,Rock,#N/A,280,45,65,40,30,40,60,7,FALSE,FALSE,FALSE
745,Lycanroc Midday Form,Rock,Rock,#N/A,487,75,115,65,55,65,112,7,FALSE,FALSE,TRUE
745,Lycanroc Midnight Form,Rock,Rock,#N/A,487,85,115,75,55,75,82,7,FALSE,FALSE,TRUE
746,Wishiwashi Solo Form,Water,Water,#N/A,175,45,20,20,25,25,40,7,FALSE,FALSE,TRUE
746,Wishiwashi School Form,Water,Water,#N/A,620,45,140,130,140,135,30,7,FALSE,FALSE,TRUE
747,Mareanie,Poison Water,Poison,Water,305,50,53,62,43,52,45,7,FALSE,FALSE,FALSE
748,Toxapex,Poison Water,Poison,Water,495,50,63,152,53,142,35,7,FALSE,FALSE,TRUE
749,Mudbray,Ground,Ground,#N/A,385,70,100,70,45,55,45,7,FALSE,FALSE,FALSE
750,Mudsdale,Ground,Ground,#N/A,500,100,125,100,55,85,35,7,FALSE,FALSE,TRUE
751,Dewpider,Water Bug,Water,Bug,269,38,40,52,40,72,27,7,FALSE,FALSE,FALSE
752,Araquanid,Water Bug,Water,Bug,454,68,70,92,50,132,42,7,FALSE,FALSE,TRUE
753,Fomantis,Grass,Grass,#N/A,250,40,55,35,50,35,35,7,FALSE,FALSE,FALSE
754,Lurantis,Grass,Grass,#N/A,480,70,105,90,80,90,45,7,FALSE,FALSE,TRUE
755,Morelull,Grass Fairy,Grass,Fairy,285,40,35,55,65,75,15,7,FALSE,FALSE,FALSE
756,Shiinotic,Grass Fairy,Grass,Fairy,405,60,45,80,90,100,30,7,FALSE,FALSE,TRUE
757,Salandit,Poison Fire,Poison,Fire,320,48,44,40,71,40,77,7,FALSE,FALSE,FALSE
758,Salazzle,Poison Fire,Poison,Fire,480,68,64,60,111,60,117,7,FALSE,FALSE,TRUE
759,Stufful,Normal Fighting,Normal,Fighting,340,70,75,50,45,50,50,7,FALSE,FALSE,FALSE
760,Bewear,Normal Fighting,Normal,Fighting,500,120,125,80,55,60,60,7,FALSE,FALSE,TRUE
761,Bounsweet,Grass,Grass,#N/A,210,42,30,38,30,38,32,7,FALSE,FALSE,FALSE
762,Steenee,Grass,Grass,#N/A,290,52,40,48,40,48,62,7,FALSE,FALSE,FALSE
763,Tsareena,Grass,Grass,#N/A,510,72,120,98,50,98,72,7,FALSE,FALSE,TRUE
764,Comfey,Fairy,Fairy,#N/A,485,51,52,90,82,110,100,7,FALSE,FALSE,TRUE
765,Oranguru,Normal Psychic,Normal,Psychic,490,90,60,80,90,110,60,7,FALSE,FALSE,TRUE
766,Passimian,Fighting,Fighting,#N/A,490,100,120,90,40,60,80,7,FALSE,FALSE,TRUE
767,Wimpod,Bug Water,Bug,Water,230,25,35,40,20,30,80,7,FALSE,FALSE,FALSE
768,Golisopod,Bug Water,Bug,Water,530,75,125,140,60,90,40,7,FALSE,FALSE,TRUE
769,Sandygast,Ghost Ground,Ghost,Ground,320,55,55,80,70,45,15,7,FALSE,FALSE,FALSE
770,Pallosand,Ghost Ground,Ghost,Ground,480,85,75,110,100,75,35,7,FALSE,FALSE,TRUE
771,Pyukumuku,Water,Water,#N/A,410,55,60,130,30,130,5,7,FALSE,FALSE,TRUE
772,Type:Null,Normal,Normal,#N/A,534,95,95,95,95,95,59,7,TRUE,FALSE,TRUE
773,Silvally,Normal,Normal,#N/A,570,95,95,95,95,95,95,7,TRUE,FALSE,TRUE
774,Minior Meteor Form,Rock Flying,Rock,Flying,440,60,60,100,60,100,60,7,FALSE,FALSE,TRUE
774,Minior Core Form,Rock Flying,Rock,Flying,500,60,100,60,100,60,120,7,FALSE,FALSE,TRUE
775,Komala,Normal,Normal,#N/A,480,65,115,65,75,95,65,7,FALSE,FALSE,TRUE
776,Turtonator,Fire Dragon,Fire,Dragon,485,60,78,135,91,85,36,7,FALSE,FALSE,TRUE
777,Togedemaru,Electric Steel,Electric,Steel,435,65,98,63,40,73,96,7,FALSE,FALSE,TRUE
778,Mimikyu,Ghost Fairy,Ghost,Fairy,476,55,90,80,50,105,96,7,FALSE,FALSE,TRUE
779,Bruxish,Water Psychic,Water,Psychic,475,68,105,70,70,70,92,7,FALSE,FALSE,TRUE
780,Drampa,Normal Dragon,Normal,Dragon,485,78,60,85,135,91,36,7,FALSE,FALSE,TRUE
781,Dhelmise,Ghost Grass,Ghost,Grass,517,70,131,100,86,90,40,7,FALSE,FALSE,TRUE
782,Jangmo-o,Dragon,Dragon,#N/A,300,45,55,65,45,45,45,7,FALSE,FALSE,FALSE
783,Hakamo-o,Dragon Fighting,Dragon,Fighting,420,55,75,90,65,70,65,7,FALSE,FALSE,FALSE
784,Kommo-o,Dragon Fighting,Dragon,Fighting,600,75,110,125,100,105,85,7,FALSE,FALSE,TRUE
785,Tapu Koko,Electric Fairy,Electric,Fairy,570,70,115,85,95,75,130,7,TRUE,FALSE,TRUE
786,Tapu Lele,Psychic Fairy,Psychic,Fairy,570,70,85,75,130,115,95,7,TRUE,FALSE,TRUE
787,Tapu Bulu,Grass Fairy,Grass,Fairy,570,70,130,115,85,95,75,7,TRUE,FALSE,TRUE
788,Tapu Fini,Water Fairy,Water,Fairy,570,70,75,115,95,130,85,7,TRUE,FALSE,TRUE
789,Cosmog,Psychic,Psychic,#N/A,200,43,29,31,29,31,37,7,TRUE,FALSE,FALSE
790,Cosmoem,Psychic,Psychic,#N/A,400,43,29,131,29,131,37,7,TRUE,FALSE,FALSE
791,Solgaleo,Psychic Steel,Psychic,Steel,680,137,137,107,113,89,97,7,TRUE,FALSE,TRUE
792,Lunala,Psychic Ghost,Psychic,Ghost,680,137,113,89,137,107,97,7,TRUE,FALSE,TRUE
793,Nihilego,Rock Poison,Rock,Poison,570,109,53,47,127,131,103,7,FALSE,FALSE,TRUE
794,Buzzwole,Bug Fighting,Bug,Fighting,570,107,139,139,53,53,79,7,FALSE,FALSE,TRUE
795,Pheromosa,Bug Fighting,Bug,Fighting,570,71,137,37,137,37,151,7,FALSE,FALSE,TRUE
796,Xuriktree,Electric,Electric,#N/A,570,83,89,71,173,71,83,7,FALSE,FALSE,TRUE
797,Celesteela,Steel Flying,Steel,Flying,570,97,101,103,107,101,61,7,FALSE,FALSE,TRUE
798,Kartana,Grass Steel,Grass,Steel,570,59,181,131,59,31,109,7,FALSE,FALSE,TRUE
799,Guzzlord,Dark Dragon,Dark,Dragon,570,223,101,53,97,53,43,7,FALSE,FALSE,TRUE
800,Necrozma,Psychic,Psychic,#N/A,600,97,107,101,127,89,79,7,TRUE,FALSE,TRUE
800,Necrozma Dusk Mane,Psychic Steel,Psychic,Steel,680,97,157,127,113,109,77,7,TRUE,FALSE,TRUE
800,Necrozma Dawn Wings,Psychic Ghost,Psychic,Ghost,680,97,113,109,157,127,77,7,TRUE,FALSE,TRUE
800,Necrozma Ultra,Psychic Dragon,Psychic,Dragon,754,97,167,97,167,97,129,7,TRUE,FALSE,TRUE
801,Magearna,Steel Fairy,Steel,Fairy,600,80,95,115,130,115,65,7,FALSE,FALSE,TRUE
802,Marshadow,Fighting Ghost,Fighting,Ghost,600,90,125,80,90,90,125,7,FALSE,FALSE,TRUE
803,Poipole,Poison,Poison,#N/A,420,67,73,67,73,67,73,7,FALSE,FALSE,FALSE
804,Naganadel,Poison Dragon,Poison,Dragon,540,73,73,73,127,73,121,7,FALSE,FALSE,TRUE
805,Stakataka,Rock Steel,Rock,Steel,570,61,131,211,53,101,13,7,FALSE,FALSE,TRUE
806,Blacephalon,Fire Ghost,Fire,Ghost,570,53,127,53,151,79,107,7,FALSE,FALSE,TRUE
807,Zenaora,Electric,Electric,#N/A,600,88,112,75,102,80,143,7,FALSE,FALSE,TRUE
